выполн|1|выполнил
означа|2|означать,означает
опя|1|опять
отступлен|1|отступление
чечн|5|чечне,чечне,чечне,чечни,чечне
дава|2|давайте,давайте
остатк|1|остатки
завис|1|зависит
давн|2|давно,давно
заканчива|1|заканчивает
составля|8|составляет,составлял,составлял,составляют,составляли,составляет,составляет,составляющей
парт|6|партий,партий,партии,партии,партий,партий
доход|5|доходы,доходы,доходы,доходов,доходов
прирост|1|прирост
наук|1|наука
подтверд|1|подтвердила
призва|1|призваны
пот|2|потому,потому
пор|2|пор,пора
поч|1|почему
специалист|1|специалистами
смен|1|смену
уменьша|1|уменьшать
системн|1|системная
участ|5|участие,участие,участии,участие,участия
дипломат|1|дипломатия
осозна|1|осознанно
справ|1|справиться
говор|17|говорить,говорят,говорю,говорилось,говорилось,говорят,говорят,говорили,говорил,говорили,говорит,говорим,говорить,говорю,говорим,говорил,говорил
результат|12|результаты,результатов,результаты,результате,результат,результаты,результат,результате,результат,результатом,результате,результатов
подвел|1|подвел
подвед|1|подведу
над|11|надо,надо,надеюсь,над,над,надо,надо,надо,надо,надо,надеюсь
успешн|3|успешно,успешно,успешное
нам|23|нам,нам,нам,нам,нам,нам,нами,нам,нами,нам,нам,нам,нам,нами,нам,нам,нам,нам,нам,нам,нам,нами,нам
непредсказуем|1|непредсказуемых
высот|1|высоту
полага|2|полагаю,полагаю
средств|4|средств,средства,средства,средств
внешнеполитическ|2|внешнеполитическим,внешнеполитической
серьезн|19|серьезных,серьезно,серьезным,серьезными,серьезные,серьезной,серьезных,серьезных,серьезную,серьезными,серьезно,серьезно,серьезным,серьезные,серьезные,серьезных,серьезной,серьезных,серьезных
образован|2|образование,образование
перееха|1|переехало
у|8|у,у,у,у,у,у,у,у
высок|9|высокую,высокий,высоким,высокими,высокой,высокая,высокая,высоких,высокую
жител|4|жителей,жители,жителей,жителей
широк|1|широкое
стабилизац|1|стабилизации
указа|1|указанных
необходим|8|необходима,необходимости,необходимую,необходимости,необходимости,необходимы,необходимы,необходима
нас|10|нас,нас,нас,нас,нас,нас,нас,нас,нас,нас
мобильн|3|мобильными,мобильных,мобильным
транзит|1|транзита
наш|63|наши,наши,нашу,наша,наших,наш,наши,наша,наш,наших,наше,нашей,нашего,наши,наши,наши,нашу,нашим,наши,наших,наших,наших,нашей,наших,наши,нашей,наших,нашим,наша,нашего,наши,наша,нашей,нашим,нашей,наших,наша,нашем,нашим,наши,нашего,наших,наша,наших,наших,нашей,наш,наши,наши,нашими,нашей,наших,наших,наших,нашей,нашего,наших,наша,нашей,наши,наших,наших,наших
тогд|5|тогда,тогда,тогда,тогда,тогда
решен|14|решения,решения,решении,решением,решение,решений,решений,решения,решению,решений,решения,решения,решение,решения
слож|2|сложилась,сложилась
слов|3|слов,слова,слов
близост|1|близости
некотор|8|некоторые,некоторых,некоторых,некоторый,некоторых,некоторые,некоторые,некоторые
добавл|1|добавлю
превыша|2|превышает,превышает
труд|3|труд,труда,трудиться
способствова|2|способствовали,способствовать
равн|1|равных
проинформирова|1|проинформировать
пенс|1|пенсий
оста|6|остается,остается,остается,остается,остается,остаются
кем|2|кем,кем
призна|2|признать,признанный
служ|2|служили,служить
неприемлем|1|неприемлемую
казн|2|казну,казни
транснациональн|1|транснациональной
затянул|1|затянулась
гражданск|10|гражданским,гражданские,гражданского,гражданского,гражданский,гражданского,гражданского,гражданского,гражданское,гражданской
отслуж|1|отслужившие
прожива|1|проживают
остр|1|острейших
откровен|1|откровенно
цб|1|цб
разумеет|2|разумеется,разумеется
судебн|1|судебных
приращен|1|приращения
милиц|1|милиции
сво|16|своими,свою,свой,свой,своей,свое,свое,своего,своим,свои,своей,своей,своей,свою,своей,свое
под|3|под,под,под
барьер|1|барьером
полвек|1|полвека
углубля|1|углублять
перешл|1|перешло
лоббир|1|лоббируют
сред|2|среди,среди
доклад|1|доклад
работ|15|работе,работы,работы,работы,работы,работы,работы,работы,работы,работе,работа,работы,работу,работа,работы
ключев|1|ключевыми
грамотн|1|грамотно
изменен|2|изменений,изменений
вовлечен|1|вовлечения
нараст|1|нарастить
достигл|1|достигло
период|6|период,периоды,период,период,период,период
для|41|для,для,для,для,для,для,для,для,для,для,для,для,для,для,для,для,для,для,для,для,для,для,для,для,для,для,для,для,для,для,для,для,для,для,для,для,для,для,для,для,для
мног|13|многом,многими,многое,многого,многое,многие,многом,многом,многие,многие,многими,многое,многих
усовершенствова|1|усовершенствовали
осуществля|1|осуществлять
обеща|1|обещать
сердц|1|сердцем
аппарат|3|аппарат,аппаратов,аппарата
гарант|1|гарантии
миров|12|мировой,мировых,мировую,мировых,мировые,мировой,мировой,мировую,мирового,мирового,мирового,мировую
безработн|1|безработных
июн|1|июне
предложен|2|предложенные,предложения
велик|6|великую,великих,великая,великое,великих,великого
опережа|2|опережающими,опережающими
ведет|1|ведется
качествен|7|качественно,качественно,качественное,качественные,качественно,качественных,качественно
ресурс|4|ресурсов,ресурсов,ресурсы,ресурсов
страхов|1|страховой
систематическ|1|систематический
рассматрива|2|рассматривали,рассматриваем
рол|1|роли
провест|3|провести,провести,провести
наобеща|1|наобещали
количеств|2|количество,количества
даст|1|даст
обманыв|1|обманывая
пада|1|падать
станет|5|станет,станет,станет,станет,станет
ядерн|2|ядерное,ядерных
дума|3|думаю,думаю,думаю
комплекс|2|комплекс,комплексом
наход|4|находиться,находились,находится,находятся
выясн|1|выяснилось
велич|1|величии
продолжател|1|продолжателем
повыс|1|повысить
хотел|6|хотел,хотел,хотел,хотел,хотел,хотел
влиян|2|влияния,влияние
меньш|1|меньше
насчита|1|насчитало
законодател|1|законодателями
показыва|4|показывала,показывала,показывают,показывает
шаг|5|шаг,шаги,шагов,шаг,шагов
длительн|1|длительном
искрен|2|искренне,искренне
приспособ|1|приспособилась
сцен|1|сцене
миропорядк|1|миропорядке
насущн|1|насущных
партнерств|2|партнерство,партнерства
соответств|5|соответствии,соответствии,соответствует,соответствующие,соответствии
десантн|1|десантных
пространств|7|пространстве,пространства,пространство,пространство,пространстве,пространства,пространства
травм|1|травм
тип|1|типов
участвова|2|участвовали,участвовать
интеграц|5|интеграции,интеграции,интеграцией,интеграцию,интеграция
газ|1|газа
скаж|4|скажем,скажу,скажем,скажем
раз|7|раз,раза,раз,раз,раз,раз,раза
рад|1|ради
конечн|15|конечно,конечно,конечное,конечно,конечно,конечно,конечно,конечно,конечно,конечном,конечно,конечно,конечно,конечно,конечно
оптимальн|1|оптимальных
вызов|2|вызовом,вызовами
реша|5|решать,решать,решать,решать,решать
учебн|1|учебных
сут|1|сути
улучшен|2|улучшения,улучшение
сух|1|сухих
част|16|часто,часть,частью,части,часть,частью,часть,части,частей,части,частях,часто,частью,частью,частью,часто
жестк|2|жесткая,жесткой
движен|2|движение,движения
террор|1|террора
взаимодейств|2|взаимодействие,взаимодействия
трат|1|тратить
обраща|1|обращающийся
паден|1|падением
мож|2|можем,можем
предсто|5|предстоит,предстоит,предстоит,предстоит,предстоит
мог|2|могу,могу
критик|1|критике
прираста|1|прирастали
содержательн|1|содержательном
инициатив|1|инициатива
президент|1|президента
законодательн|2|законодательная,законодательного
тепер|3|теперь,теперь,теперь
комисс|1|комиссия
дорог|1|дорогу
дорож|2|дорожит,дорожит
совет|6|совета,совета,совет,совете,совета,совета
управленц|1|управленцев
структур|4|структурах,структур,структуры,структур
русск|1|русских
отечествен|3|отечественной,отечественную,отечественных
суд|1|суда
обозрим|1|обозримом
уточнен|1|уточнения
благоприятн|3|благоприятному,благоприятная,благоприятная
политик|16|политико,политике,политики,политики,политике,политики,политика,политике,политики,политике,политики,политике,политика,политики,политики,политики
масштаб|3|масштабах,масштабы,масштаба
противопоставля|1|противопоставляют
обороноспособн|1|обороноспособность
эффективн|10|эффективности,эффективных,эффективно,эффективная,эффективная,эффективности,эффективно,эффективно,эффективности,эффективное
ошибок|1|ошибок
продолж|2|продолжился,продолжим
показател|3|показатель,показателя,показателей
ввп|1|ввп
сложн|6|сложной,сложных,сложна,сложнейшей,сложном,сложный
служб|5|служба,службы,службу,службу,службы
принят|5|принятой,принятия,принятые,принятия,принято
пониман|1|понимании
уровен|5|уровень,уровень,уровень,уровень,уровень
элемент|1|элемент
внов|1|вновь
шест|1|шесть
выш|1|выше
перевод|1|переводиться
военнослужа|1|военнослужащих
сравня|1|сравнялся
уровн|4|уровне,уровня,уровнях,уровнями
оздоров|1|оздоровить
соб|2|собой,собой
многовеков|1|многовековые
приоритет|1|приоритетом
стрем|3|стремиться,стремятся,стремится
финанс|1|финансов
чег|1|чего
средн|1|средний
уникальн|1|уникального
чем|8|чем,чем,чем,чем,чем,чем,чем,чем
однак|1|однако
выж|2|выжить,выжить
зон|2|зон,зоной
заставля|1|заставляла
клуб|1|клуба
физическ|1|физический
студент|1|студенты
всех|15|всех,всех,всех,всех,всех,всех,всех,всех,всех,всех,всех,всех,всех,всех,всех
убежд|3|убежден,убежден,убежден
экспорт|3|экспорта,экспорта,экспорт
потенциа|3|потенциал,потенциал,потенциала
коллегиальн|1|коллегиальной
лин|1|линию
причин|2|причинам,причин
назад|7|назад,назад,назад,назад,назад,назад,назад
привлекательн|1|привлекательной
призывник|1|призывники
уда|4|удалось,удалось,удалось,удалось
состоян|3|состоянию,состоянии,состоянии
профессор|1|профессора
перевооружен|2|перевооружение,перевооружения
бремен|1|бремени
современ|14|современными,современного,современной,современных,современных,современным,современное,современном,современным,современных,современной,современном,современным,современное
лиш|6|лишь,лишились,лишь,лишь,лишь,лишь
привлеч|1|привлечь
сформирова|4|сформировать,сформировать,сформировавшимся,сформировать
лиц|3|лицом,лицами,лицом
нац|1|наций
сокраща|2|сокращаться,сокращать
всег|10|всего,всего,всего,всего,всего,всего,всего,всего,всего,всего
всем|8|всем,всем,всем,всеми,всем,всеми,всеми,всем
практическ|5|практически,практически,практически,практической,практической
правов|3|правового,правовое,правовых
возвращен|3|возвращения,возвращение,возвращение
традиц|1|традиций
кампан|1|кампаний
успех|6|успехи,успех,успехи,успех,успеха,успехов
аргумент|1|аргументов
застойн|1|застойных
восьмерк|1|восьмерки
снижен|3|снижение,снижение,снижению
особен|2|особенно,особенности
доллар|1|долларов
спор|1|споров
обмен|1|обмене
ближайш|3|ближайшие,ближайшие,ближайший
сфер|1|сферу
преступн|1|преступности
предсказуем|2|предсказуемо,предсказуемом
очевид|1|очевиден
итог|4|итоги,итоге,итогами,итогов
правительств|7|правительство,правительство,правительству,правительства,правительством,правительство,правительство
абсолютн|2|абсолютно,абсолютной
бедност|3|бедность,бедностью,бедности
перекос|1|перекосы
мним|1|мнимых
подписа|1|подписать
неотложн|1|неотложных
случа|6|случае,случаев,случае,случае,случаев,случае
приблиз|1|приблизили
конкурент|1|конкурентами
точк|2|точки,точках
точн|1|точно
конкуренц|2|конкуренция,конкуренция
перечислен|1|перечисление
конфликт|3|конфликты,конфликты,конфликтах
людьм|1|людьми
иммиграц|1|иммиграции
федерац|8|федерации,федерации,федерации,федерации,федерации,федерации,федерации,федерации
год|49|года,год,год,годами,года,годы,года,году,году,года,года,года,году,года,года,года,года,года,года,год,годы,году,году,года,году,года,году,года,года,году,году,год,году,года,годы,года,году,года,года,годы,году,года,году,года,года,года,года,годы,года
достаточн|3|достаточно,достаточно,достаточно
окончательн|1|окончательно
наоборот|2|наоборот,наоборот
обязан|1|обязанность
убежда|1|убеждать
с|62|с,с,с,с,с,с,с,с,с,с,с,с,с,с,с,с,с,с,с,с,с,с,с,с,с,с,с,с,с,с,с,с,с,с,с,с,с,с,с,с,с,с,с,с,с,с,с,с,с,с,с,с,с,с,с,с,с,с,с,с,с,с
пообеща|1|пообещали
инвентаризац|2|инвентаризацию,инвентаризации
обеспеч|7|обеспечены,обеспечив,обеспечено,обеспечить,обеспечить,обеспечить,обеспечит
возможн|8|возможность,возможность,возможно,возможности,возможность,возможным,возможным,возможно
распад|2|распада,распада
напомн|3|напомнить,напомню,напомню
границ|1|границах
мудрост|1|мудрость
констатирова|1|констатировать
придержива|1|придерживаться
оттесня|1|оттесняют
предпринимател|5|предпринимателями,предприниматели,предпринимателя,предпринимателям,предпринимателей
заверш|3|завершили,завершена,завершая
руководств|1|руководства
законопроект|1|законопроекты
наркоинтервенц|1|наркоинтервенции
мы|49|мы,мы,мы,мы,мы,мы,мы,мы,мы,мы,мы,мы,мы,мы,мы,мы,мы,мы,мы,мы,мы,мы,мы,мы,мы,мы,мы,мы,мы,мы,мы,мы,мы,мы,мы,мы,мы,мы,мы,мы,мы,мы,мы,мы,мы,мы,мы,мы,мы
прошедш|3|прошедший,прошедший,прошедшие
практик|2|практике,практике
относ|1|относим
внешн|7|внешней,внешнего,внешняя,внешних,внешней,внешней,внешней
расширя|1|расширять
лишен|1|лишения
своевремен|1|своевременность
противопоставлен|1|противопоставление
рынк|5|рынков,рынка,рынки,рынках,рынках
оон|1|оон
замет|1|заметить
гот|1|готов
ограничен|1|ограничений
утвержд|1|утверждена
разграничен|3|разграничением,разграничении,разграничению
инвестирова|1|инвестирована
удобн|1|удобная
имеет|3|имеет,имеет,имеет
голос|1|голосуют
вперед|1|вперед
здоров|1|здоровье
жертв|1|жертвы
безопасн|5|безопасности,безопасности,безопасности,безопасности,безопасность
связ|5|связи,связь,связи,связи,связь
преврат|1|превратилась
прозрачн|3|прозрачными,прозрачный,прозрачность
бережет|1|бережется
взаимозависим|1|взаимозависимость
создаст|1|создаст
порядок|1|порядок
внешнеэкономическ|1|внешнеэкономической
высокоразвит|1|высокоразвитой
дальш|1|дальше
низк|1|низком
паспорт|1|паспорт
подготовк|2|подготовке,подготовка
оценив|1|оценивая
продвинут|2|продвинуться,продвинуться
стесня|1|стесняется
представител|1|представителей
голов|1|головы
участник|1|участниками
событ|4|события,события,события,событие
продвинул|3|продвинулись,продвинулись,продвинулись
мертв|1|мертвой
особ|1|особо
тариф|1|тарифы
будущ|4|будущем,будущее,будущем,будущее
нараста|1|нарастающей
свобод|3|свободы,свободы,свобод
посл|6|после,после,после,после,после,после
будут|7|будут,будут,будут,будут,будут,будут,будут
операц|2|операциям,операций
кажд|1|каждое
предвыборн|2|предвыборных,предвыборных
достижен|6|достижения,достижения,достижение,достижение,достижения,достижения
основ|7|основе,основе,основе,основе,основе,основу,основой
мер|3|мере,мере,меры
дел|5|дела,дело,делах,делу,делам
ден|1|день
неразрешим|1|неразрешимыми
каза|1|казались
беспрецедентн|1|беспрецедентного
снг|3|снг,снг,снг
аккуратн|1|аккуратно
совместн|6|совместно,совместно,совместно,совместный,совместную,совместная
присво|1|присвоена
может|10|может,может,может,может,может,может,может,может,может,может
определен|2|определенные,определенной
созда|3|создать,созданы,создает
втор|3|второй,вторых,вторых
продаж|1|продажи
энергетическ|1|энергетических
прибав|1|прибавить
тенденц|1|тенденций
значительн|8|значительно,значительные,значительные,значительной,значительной,значительной,значительной,значительной
евразийск|1|евразийского
вас|1|вас
подачек|1|подачек
реформирован|1|реформированию
неискрен|1|неискренностью
ваш|2|ваше,вашу
со|3|со,со,со
моральн|1|моральным
благосостоян|2|благосостояния,благосостояния
конституц|4|конституцией,конституции,конституцией,конституции
вам|10|вам,вами,вами,вам,вами,вами,вами,вами,вами,вам
глубок|1|глубокого
наращива|1|наращиваются
окол|2|около,около
общенациональн|3|общенациональных,общенациональных,общенационального
бандит|3|бандитами,бандитов,бандитами
перераспределен|1|перераспределение
программ|2|программа,программа
направлен|1|направлении
вечн|1|вечной
провод|2|проводились,проводить
ког|2|кого,кого
предпринимательств|1|предпринимательства
нрав|1|нравятся
обязательн|3|обязательно,обязательно,обязательно
поистин|1|поистине
заметн|2|заметно,заметными
тольк|19|только,только,только,только,только,только,только,только,только,только,только,только,только,только,только,только,только,только,только
разобра|1|разобрали
зависет|1|зависеть
межд|13|между,между,между,между,между,между,между,между,между,между,между,между,между
конец|1|конец
выгодн|2|выгодная,выгодных
америк|1|америки
сегодн|15|сегодня,сегодня,сегодня,сегодня,сегодня,сегодня,сегодня,сегодня,сегодня,сегодня,сегодня,сегодня,сегодня,сегодня,сегодня
коллег|3|коллеги,коллеги,коллеги
последовательн|3|последовательными,последовательно,последовательно
улиц|1|улицах
республик|9|республики,республики,республике,республики,республике,республики,республикой,республике,республики
кстат|1|кстати
нераспространен|1|нераспространению
координац|1|координации
чрезвычайн|2|чрезвычайно,чрезвычайно
сухопутн|1|сухопутных
монопольн|2|монопольного,монопольный
институт|3|институтов,институты,институты
поправ|1|поправить
чутк|1|чутким
повыша|1|повышаются
име|1|имеем
пример|2|примером,примером
свободн|4|свободных,свободном,свободно,свободного
страх|1|страха
подход|5|подход,подходов,подходы,подходы,подходов
годов|1|годовой
информац|1|информации
стран|71|стране,страны,страной,страной,страной,страной,страны,страной,стране,страна,страны,страны,страны,страны,страны,страны,стране,страны,страны,страну,страны,страны,страны,страны,стран,страной,страна,страны,страны,страны,страны,страны,страны,страны,стране,страной,страны,страны,страна,страны,страны,страны,страны,стране,стране,страны,стране,страны,стране,страны,странами,страны,страны,стран,странами,странами,страны,страна,стран,стран,страны,стран,стран,стране,страны,страны,страны,страны,страной,страны,страны
процент|12|процентов,процентов,процентов,процент,процентов,процентов,процентов,процентов,процентов,процента,процентов,процента
союз|3|союза,союза,союзом
принима|2|принимаются,принимаются
выработк|2|выработке,выработке
душат|1|душат
обязательств|1|обязательств
язык|2|языке,языке
горяч|2|горячей,горячих
интерес|13|интересы,интересами,интерес,интересов,интересы,интересов,интересов,интересов,интересов,интересах,интересы,интересы,интересы
российск|31|российские,российской,российской,российского,российского,российских,российских,российскую,российская,российской,российской,российский,российского,российской,российский,российского,российского,российском,российская,российской,российские,российской,российской,российской,российской,российской,российской,российскую,российского,российского,российской
дополня|1|дополняется
монопол|2|монополий,монополий
сильн|13|сильных,сильной,сильной,сильные,сильных,сильной,сильных,сильных,сильной,сильная,сильная,сильной,сильным
осваива|1|осваивать
непрозрачн|1|непрозрачность
командн|1|командным
прочн|2|прочно,прочнее
одновремен|2|одновременно,одновременно
продолжен|3|продолжением,продолжения,продолжение
подчин|1|подчинить
внутрен|6|внутренний,внутренних,внутренний,внутренней,внутренних,внутреннего
духовн|1|духовного
всегд|3|всегда,всегда,всегда
пожела|1|пожелаем
невысок|1|невысоком
профсоюз|2|профсоюзами,профсоюзов
непрост|1|непростой
школ|1|школы
переда|1|передать
мест|2|место,местах
рывк|1|рывки
работорговц|1|работорговцев
радикальн|2|радикальное,радикального
огромн|6|огромный,огромные,огромной,огромными,огромное,огромное
преодолел|1|преодолели
сохран|1|сохраним
поворот|1|поворотов
способн|4|способны,способность,способна,способна
все|21|все,все,все,все,все,все,все,все,все,всей,все,все,всей,все,все,все,все,все,все,все,все
раст|3|расти,расти,расти
просчита|1|просчитано
исход|1|исходим
комплектован|1|комплектования
углублен|1|углублении
заня|4|заняла,заняться,занялись,заняться
показа|7|показал,показала,показаться,показали,показали,показали,показала
поднимет|1|поднимется
выполня|1|выполнять
держав|2|державой,державы
имен|3|именно,именно,именно
административн|4|административную,административную,административная,административных
различн|1|различными
счет|8|счет,счет,счет,счет,счет,счет,счет,счет
течен|1|течение
приглаш|1|приглашена
мощн|1|мощной
слабост|3|слабость,слабость,слабость
населен|9|населения,населения,населения,населения,населения,население,населения,населения,населения
сказа|9|сказать,сказать,сказать,сказанное,сказанного,сказанное,сказать,сказанного,сказать
учитыва|1|учитывать
узк|1|узкими
слыша|1|слышать
прошлогодн|1|прошлогодние
реализац|4|реализации,реализации,реализация,реализации
терроризм|5|терроризм,терроризм,терроризма,терроризма,терроризмом
тем|14|теме,тем,теми,тем,тем,тем,тем,тем,тем,тем,тему,теме,тему,тем
инициативн|1|инициативный
корпус|1|корпусом
возросш|1|возросший
электричеств|1|электричества
трудов|1|трудовой
адекватн|1|адекватных
готовн|2|готовность,готовности
увелич|4|увеличилась,увеличился,увеличился,увеличилось
цивилизац|1|цивилизацией
хорош|6|хорошо,хорошо,хорошее,хорошо,хорошим,хорошо
тех|4|тех,тех,тех,тех
соответствующ|1|соответствующая
вмест|8|вместе,вместе,вместе,вместе,вместе,вместе,вместе,вместе
гражданин|2|гражданином,гражданину
понадоб|1|понадобится
послан|1|послании
войск|2|войсках,войсках
оказа|7|оказались,оказались,оказалась,оказалась,оказались,оказались,оказалась
наркоман|1|наркоманию
выступлен|1|выступление
ил|7|или,или,или,или,или,или,или
им|6|ими,имя,имя,имею,им,имею
ин|5|иного,иное,иной,иной,иных
из|18|из,из,из,из,из,из,из,из,из,из,из,из,из,из,из,из,из,из
ид|1|идеи
чеченск|5|чеченской,чеченский,чеченской,чеченских,чеченской
рент|1|ренту
поток|1|потоках
регион|7|регионам,регионами,регионов,регионах,регионов,регионов,регионами
подготовлен|2|подготовленной,подготовленные
два|3|два,два,два
антитеррористическ|2|антитеррористическая,антитеррористическим
подтвержда|1|подтверждают
умн|1|умным
надежн|3|надежно,надежная,надежный
их|9|их,их,их,их,их,их,их,их,их
могл|1|могли
активизац|1|активизацию
развит|19|развитым,развитых,развита,развития,развитых,развития,развитии,развитых,развития,развитых,развития,развитие,развития,развития,развития,развитое,развитое,развития,развития
быт|12|быть,быть,быть,быть,быть,быть,быть,быть,быть,быть,быть,быть
переход|1|переходу
внес|1|внесем
последств|2|последствием,последствие
конституцион|2|конституционного,конституционный
модернизац|4|модернизация,модернизации,модернизация,модернизацию
понима|2|понимаем,понимают
улучш|2|улучшить,улучшились
офицерск|1|офицерским
спасиб|1|спасибо
прошл|8|прошлом,прошлого,прошлом,прошлом,прошлом,прошлом,прошлом,прошлом
депутат|4|депутаты,депутаты,депутаты,депутаты
направл|2|направлена,направлены
направля|1|направляются
лозунг|1|лозунгами
обяза|4|обязаны,обязан,обязана,обязаны
организацион|1|организационных
родин|1|родине
обречен|1|обреченная
остальн|2|остального,остальной
малопонятн|1|малопонятным
пенсионер|2|пенсионеров,пенсионера
демонстрир|1|демонстрируют
был|15|была,было,было,была,была,был,была,была,была,была,были,были,был,была,были
вне|1|вне
прин|1|принят
европ|3|европу,европы,европы
равенств|1|равенство
правд|1|правде
юридическ|1|юридически
воспроизводств|1|воспроизводства
подня|1|подняться
обманыва|1|обманывать
самостоятельн|1|самостоятельности
младш|1|младшим
береч|1|беречь
останов|1|остановиться
е|15|ею,ее,ее,ее,ее,ее,ее,ее,ее,ее,ее,ее,ее,ее,ее
бог|1|бог
соглас|2|согласились,согласен
бол|11|более,более,более,более,более,более,более,более,более,более,более
граждан|6|граждане,граждане,гражданам,граждане,граждане,гражданами
становлен|2|становления,становлении
сократ|2|сократила,сократиться
голод|3|голод,голод,голод
подчеркн|1|подчеркну
проект|2|проектах,проектах
забастовочн|1|забастовочной
парламентск|2|парламентские,парламентское
инвестиц|1|инвестиции
содружеств|5|содружества,содружества,содружества,содружества,содружества
идеологическ|1|идеологических
ускорен|1|ускоренному
урегулирован|1|урегулирования
нормализова|1|нормализовалась
поиск|1|поиск
полноправн|1|полноправным
предприимчив|2|предприимчивый,предприимчивым
передов|1|передовых
влечет|1|влечет
дееспособн|3|дееспособной,дееспособных,дееспособность
присущ|1|присущую
миллиард|2|миллиард,миллиардов
ступен|2|ступень,ступень
крупномасштабн|1|крупномасштабных
а|25|а,а,а,а,а,а,а,а,а,а,а,а,а,а,а,а,а,а,а,а,а,а,а,а,а
недавн|4|недавно,недавно,недавно,недавно
не|76|не,не,ней,не,не,не,не,не,не,не,ней,не,не,не,не,не,не,не,не,не,не,не,не,не,не,не,не,не,не,не,не,не,не,не,не,не,не,не,не,не,не,не,не,не,не,не,не,не,не,не,не,не,не,не,не,не,не,не,не,не,не,не,не,не,не,не,не,не,не,не,не,не,не,не,не,не
пенсион|1|пенсионной
на|82|на,на,на,на,на,на,на,на,на,на,на,на,на,на,на,на,на,на,на,на,на,на,на,на,на,на,на,на,на,на,на,на,на,на,на,на,на,на,на,на,на,на,на,на,на,на,на,на,на,на,на,на,на,на,на,на,на,на,на,на,на,на,на,на,на,на,на,на,на,на,на,на,на,на,на,на,на,на,на,на,на,на
совс|2|совсем,совсем
но|25|но,но,но,но,но,но,но,но,но,но,но,но,но,но,но,но,но,но,но,но,но,но,но,но,но
ни|5|ни,ни,ни,ни,ни
вод|1|воды
строг|1|строго
слишк|1|слишком
существен|5|существенно,существенно,существенное,существенно,существенным
близк|1|близкая
поможет|2|поможет,поможет
машин|2|машин,машины
топливн|1|топливно
неплох|2|неплохой,неплохо
принос|1|приносит
собствен|4|собственности,собственные,собственной,собственной
европейск|3|европейских,европейским,европейских
поясн|1|поясню
сбалансирова|1|сбалансированный
страшн|1|страшных
больниц|1|больницы
функц|5|функции,функций,функции,функций,функций
многонациональн|1|многонационального
импульс|1|импульс
деятел|2|деятелей,деятелей
очевидн|8|очевидно,очевидно,очевидно,очевидно,очевидно,очевидна,очевидно,очевидно
всерьез|1|всерьез
навест|1|навести
прост|9|просто,просто,простым,простых,просто,просто,просто,простом,просто
могут|2|могут,могут
профессиональн|8|профессиональная,профессиональной,профессиональных,профессиональные,профессиональную,профессиональную,профессиональную,профессиональное
соседн|1|соседних
власт|18|власти,власть,власть,власти,власти,власть,власть,власть,власти,власти,власть,власти,власти,властей,властью,власть,власть,власти
талантлив|1|талантливый
прич|1|причем
сорва|1|сорвать
навстреч|1|навстречу
сложност|1|сложности
поддержк|5|поддержкой,поддержка,поддержку,поддержку,поддержки
неустойч|1|неустойчив
спид|1|спид
миграцион|1|миграционных
вооружен|9|вооруженными,вооруженные,вооруженных,вооруженная,вооруженными,вооруженных,вооруженных,вооруженных,вооруженных
защища|1|защищать
нов|11|новая,новая,новый,новые,новых,новой,новая,нового,новых,новых,нового
баз|1|базу
уголовн|1|уголовно
помога|2|помогать,помогают
опасн|2|опасности,опасно
жилищн|1|жилищно
подач|1|подача
месяц|2|месяцев,месяцы
следств|1|следствие
плат|1|платить
всероссийск|1|всероссийская
оздоровлен|1|оздоровления
повышен|3|повышение,повышения,повышение
главн|5|главных,главные,главное,главного,главное
кредитн|1|кредитный
слаб|1|слаб
добр|1|добрый
взят|2|взятых,взять
разорва|1|разорвать
зде|3|здесь,здесь,здесь
эколог|1|экологию
общен|1|общение
пройт|1|пройти
занима|1|заниматься
теракт|3|терактов,теракты,терактов
развива|3|развиваться,развиваться,развивались
лидер|2|лидерами,лидерами
мужеств|1|мужество
специальн|1|специальности
удво|1|удвоить
отдельн|3|отдельно,отдельные,отдельной
сто|2|стоим,стоим
полгод|2|полгода,полгода
защищ|1|защищены
защит|3|защитить,защита,защитить
люд|21|людям,людей,люди,людей,людям,люди,людей,людей,люди,людей,людей,людей,людям,людям,людей,людей,люди,людей,людей,люди,людям
пришл|3|пришлось,пришло,пришло
общеевропейск|2|общеевропейских,общеевропейских
сам|19|сама,самых,самых,сами,самой,самым,сами,само,сам,самой,самых,самой,самых,самой,самая,самой,самой,само,самых
угроз|15|угроза,угроз,угрозам,угрозам,угроз,угрозами,угроз,угроз,угрозы,угрозой,угрозой,угрозами,угроз,угрозами,угроз
горд|1|гордиться
продукц|3|продукции,продукцию,продукция
союзник|3|союзников,союзников,союзников
продукт|3|продукт,продукт,продукта
парламент|2|парламент,парламента
приня|4|приняв,приняли,принял,принял
либерал|1|либералами
предстоя|3|предстоящий,предстоящие,предстоящих
универсальн|1|универсального
затрудня|1|затрудняет
преимуществ|3|преимущества,преимущества,преимуществом
даж|3|даже,даже,даже
медлен|2|медленно,медленными
дан|3|данным,дан,данном
дат|1|дать
порожда|1|порождает
катаклизм|1|катаклизмов
присутствова|1|присутствовала
групп|2|группы,группами
возникл|1|возникло
памят|1|памятью
прежд|6|прежде,прежде,прежде,прежде,прежде,прежде
потребн|1|потребностям
прежн|2|прежнему,прежнему
те|2|те,те
то|13|то,то,то,то,то,той,то,той,той,то,то,то,то
тенев|1|теневой
уменьшен|1|уменьшение
формирован|3|формированием,формирование,формирование
совершен|1|совершения
перейт|1|перейти
неотвратим|1|неотвратимо
вызыва|1|вызывают
этапн|1|этапные
демократ|3|демократией,демократии,демократии
идет|2|идет,идет
объективн|1|объективной
партнер|4|партнерами,партнеров,партнерами,партнерами
идущ|1|идущие
план|3|планов,планами,планов
польз|3|пользуются,пользу,пользу
рекордн|3|рекордно,рекордной,рекордную
гибк|1|гибким
прогресс|2|прогресс,прогрессе
глобальн|2|глобальное,глобальную
межбюджетн|1|межбюджетных
распространен|2|распространение,распространение
несмотр|4|несмотря,несмотря,несмотря,несмотря
телефон|1|телефонных
город|1|городов
текущ|4|текущая,текущая,текущей,текущим
глав|1|главы
исполнительн|2|исполнительная,исполнительной
невозможн|2|невозможно,невозможно
вовс|2|вовсе,вовсе
приход|1|приходится
постановк|1|постановки
столкнувш|1|столкнувшихся
демографическ|1|демографический
в|198|в,в,в,в,в,в,в,в,в,в,в,в,в,в,в,в,в,в,в,в,в,в,в,в,в,в,в,в,в,в,в,в,в,в,в,в,в,в,в,в,в,в,в,в,в,в,в,в,в,в,в,в,в,в,в,в,в,в,в,в,в,в,в,в,в,в,в,в,в,в,в,в,в,в,в,в,в,в,в,в,в,в,в,в,в,в,в,в,в,в,в,в,в,в,в,в,в,в,в,в,в,в,в,в,в,в,в,в,в,в,в,в,в,в,в,в,в,в,в,в,в,в,в,в,в,в,в,в,в,в,в,в,в,в,в,в,в,в,в,в,в,в,в,в,в,в,в,в,в,в,в,в,в,в,в,в,в,в,в,в,в,в,в,в,в,в,в,в,в,в,в,в,в,в,в,в,в,в,в,в,в,в,в,в,в,в,в,в,в,в,в,в,в,в,в,в,в,в
росс|60|россии,россия,россия,россия,россия,россию,россии,россия,россией,россии,россию,россия,россия,россии,россии,россии,россии,россии,россии,россия,россия,россии,россии,россии,россия,россия,россии,россии,россия,россии,россия,россии,россии,россия,россии,россии,россии,россии,россия,россии,россии,россии,россии,россия,россии,россия,россия,россия,россия,россия,россии,россию,россия,россии,россии,россии,россия,россии,россия,россии
прозябан|1|прозябание
рост|25|роста,ростом,рост,рост,рост,росту,росту,рост,роста,роста,роста,рост,роста,рост,рост,рост,роста,роста,рост,рост,роста,роста,рост,роста,роста
конкурентоспособн|5|конкурентоспособной,конкурентоспособная,конкурентоспособным,конкурентоспособность,конкурентоспособного
тысяч|4|тысячи,тысяч,тысяч,тысяч
республиканск|1|республиканской
поблагодар|2|поблагодарить,поблагодарить
росл|1|росло
совершенствован|2|совершенствования,совершенствование
повседневн|1|повседневная
сист|1|систему
рубл|5|рублей,рубля,рубля,рубль,рубли
ряд|8|ряда,ряд,ряд,ряды,ряды,ряда,ряд,ряду
реалистичн|1|реалистична
показательн|1|показательный
ответствен|7|ответственность,ответственный,ответственные,ответственной,ответственности,ответственная,ответственностью
этап|5|этап,этапе,этапе,этап,этапом
информацион|1|информационные
сегодняшн|1|сегодняшние
реальност|1|реальности
деятельн|2|деятельности,деятельного
вызва|1|вызванное
превыс|1|превысила
отношен|10|отношением,отношений,отношений,отношениях,отношении,отношения,отношения,отношений,отношений,отношения
оборудован|1|оборудования
торгов|1|торговую
выросл|4|выросла,выросли,выросли,выросла
основа|3|основана,основанное,основанная
законч|1|закончилось
сообществ|7|сообществе,сообщества,сообщества,сообщества,сообществом,сообщества,сообщества
цен|3|цену,ценой,цен
цел|16|целого,цель,целей,целое,целом,целей,целого,целью,цель,цели,целом,целом,целей,целей,целей,целей
быстр|4|быстрыми,быстрого,быстрый,быстро
основн|5|основном,основной,основными,основной,основные
базир|2|базирующийся,базирующегося
погибш|1|погибших
противопоставл|1|противопоставлена
вносим|1|вносимых
орга|1|органы
чащ|1|чаще
готов|2|готовой,готовы
мир|18|мира,миру,мира,мире,мира,мира,мира,мире,мира,мире,мире,мира,мира,мире,мире,мире,мире,мире
неэффективн|2|неэффективность,неэффективности
конъюнктур|4|конъюнктуры,конъюнктуры,конъюнктура,конъюнктуры
котор|14|которую,которой,которые,который,котором,которую,которую,которая,которые,которое,которые,которую,которую,которое
этот|4|этот,этот,этот,этот
пуст|2|пусть,пустых
ожесточен|1|ожесточенной
удельн|1|удельный
том|11|тому,том,тому,том,том,том,тому,том,том,том,том
расширен|1|расширения
усугубля|1|усугубляет
черт|1|черту
интегрир|1|интегрируются
недостаточн|1|недостаточно
целесообразн|1|целесообразности
и|261|и,и,и,и,и,и,и,и,и,и,и,и,и,и,и,и,и,и,и,и,и,и,и,и,и,и,и,и,и,и,и,и,и,и,и,и,и,и,и,и,и,и,и,и,и,и,и,и,и,и,и,и,и,и,и,и,и,и,и,и,и,и,и,и,и,и,и,и,и,и,и,и,и,и,и,и,и,и,и,и,и,и,и,и,и,и,и,и,и,и,и,и,и,и,и,и,и,и,и,и,и,и,и,и,и,и,и,и,и,и,и,и,и,и,и,и,и,и,и,и,и,и,и,и,и,и,и,и,и,и,и,и,и,и,и,и,и,и,и,и,и,и,и,и,и,и,и,и,и,и,и,и,и,и,и,и,и,и,и,и,и,и,и,и,и,и,и,и,и,и,и,и,и,и,и,и,и,и,и,и,и,и,и,и,и,и,и,и,и,и,и,и,и,и,и,и,и,и,и,и,и,и,и,и,и,и,и,и,и,и,и,и,и,и,и,и,и,и,и,и,и,и,и,и,и,и,и,и,и,и,и,и,и,и,и,и,и,и,и,и,и,и,и,и,и,и,и,и,и,и,и,и,и,и,и,и,и,и,и,и,и
настоя|2|настоящему,настоящее
бесперебойн|1|бесперебойная
должн|25|должна,должна,должно,должны,должна,должны,должны,должна,должно,должно,должно,должна,должны,должно,должны,должны,должна,должна,должны,должна,должны,должно,должны,должны,должны
человек|9|человека,человека,человек,человек,человек,человек,человек,человек,человек
фон|1|фон
иммиграцион|1|иммиграционная
определ|1|определили
ориентац|1|ориентации
сотрудничеств|5|сотрудничество,сотрудничестве,сотрудничество,сотрудничество,сотрудничество
половин|1|половине
неотъемлем|1|неотъемлемой
прям|8|прямо,прямо,прямом,прямо,прямо,прямо,прямо,прямо
локальн|1|локальных
консолидирова|1|консолидированного
бывш|1|бывшего
след|7|следующий,следующего,следует,следить,следует,следующее,следующие
оформлен|1|оформления
революц|1|революция
разорительн|1|разорительные
ли|2|ли,ли
хозяйств|1|хозяйства
помеша|1|помешает
действительн|3|действительно,действительность,действительно
быва|1|бывает
так|37|такая,такой,такая,так,таков,таков,так,так,так,так,так,так,так,такое,так,такая,таким,так,такое,такое,такое,так,так,такая,таком,такой,такая,такой,таких,таки,таким,такие,так,такого,такое,таких,так
там|2|там,там
обширн|1|обширном
очен|13|очень,очень,очень,очень,очень,очень,очень,очень,очень,очень,очень,очень,очень
эт|115|это,это,этом,этого,это,это,этом,этим,этим,эти,этим,это,это,этом,это,этой,этой,это,эту,этой,это,этого,этому,это,этих,этом,эти,это,этого,это,это,эти,это,этого,эти,эти,этого,этими,эти,этих,этих,этом,этих,этой,это,это,этого,этого,этом,этим,это,этом,этому,это,это,это,это,эта,этом,этом,этой,это,эту,это,это,это,этого,это,эту,этой,это,эту,это,это,это,это,эту,эти,этих,эту,это,этом,этом,эти,это,это,этим,это,эти,этом,эту,этом,это,этом,это,это,этих,эта,эта,это,это,этими,этого,этой,этом,это,это,это,этих,этим,это,это,этом,этих,этих
норм|4|нормой,нормой,норм,норм
уважа|13|уважаемые,уважать,уважаемые,уважаемое,уважаемые,уважаемые,уважаемые,уважаемые,уважаемых,уважаемых,уважаемые,уважаемые,уважаемые
фирм|1|фирм
погашен|1|погашения
экономик|23|экономикой,экономика,экономики,экономике,экономикой,экономику,экономики,экономику,экономика,экономики,экономика,экономики,экономику,экономика,экономики,экономики,экономике,экономики,экономике,экономики,экономику,экономику,экономики
состав|1|составом
процентн|1|процентного
лет|5|лет,лет,лет,лет,лет
противостоя|2|противостоять,противостоять
миллион|12|миллионов,миллиона,миллиона,миллионов,миллионов,миллионов,миллионов,миллионов,миллиона,миллионам,миллиона,миллионов
импортер|1|импортера
арбитражн|1|арбитражный
эпох|1|эпохой
конц|2|конца,конца
соверша|3|совершали,совершают,совершаемые
возраста|1|возрастает
дела|4|делать,делать,делать,делают
потенциальн|1|потенциальных
общефедеральн|1|общефедеральную
стабильн|5|стабильной,стабильная,стабильность,стабильности,стабильность
инициатор|1|инициаторов
транспортн|1|транспортных
потреблен|1|потребление
далек|1|далеко
невнятн|1|невнятностью
зарабатыва|3|зарабатывать,зарабатывать,зарабатывать
рассчитыва|1|рассчитываю
увеличива|1|увеличивается
остава|2|оставался,оставаться
наркоугроз|1|наркоугрозу
инфраструктурн|2|инфраструктурных,инфраструктурных
кризис|1|кризисы
преодолен|2|преодоления,преодоление
услыша|1|услышан
повод|2|повод,поводу
помоч|1|помочь
пок|1|пока
зерн|1|зерна
почувствова|1|почувствовали
золотовалютн|1|золотовалютные
корректив|1|коррективы
чеченц|1|чеченцы
проведен|2|проведенная,проведении
территориальн|4|территориальной,территориальные,территориальной,территориальной
мотор|1|мотором
восстанов|2|восстановили,восстановить
очеред|1|очередь
подчеркива|1|подчеркивали
достич|1|достичь
сталкива|1|сталкиваться
отмет|2|отметить,отметить
солидарн|1|солидарность
счита|14|считаю,считают,считаю,считает,считаю,считаю,считаю,считаю,считаю,считаю,считаю,считаю,считает,считаю
станов|2|становится,становится
несчастн|2|несчастных,несчастных
взвешен|1|взвешенной
обновлен|1|обновленное
хот|5|хотя,хотя,хотя,хотя,хотят
хоч|9|хочу,хочу,хочу,хочу,хочу,хочу,хочу,хочу,хочу
спорн|1|спорно
коалиц|2|коалиция,коалиции
убед|1|убедить
производ|1|производится
легальн|1|легальной
благодушн|1|благодушным
отрасл|2|отраслей,отраслях
обеспечива|1|обеспечивать
вид|4|видите,видим,виду,виду
сокращен|4|сокращение,сокращение,сокращение,сокращения
предварительн|1|предварительным
при|17|при,при,при,при,при,при,при,при,при,при,при,при,при,при,при,при,при
фракц|2|фракций,фракций
подума|1|подумаем
незыблем|1|незыблемость
ход|1|ходе
возникновен|1|возникновения
режим|1|режиме
теор|1|теорий
советск|2|советского,советского
област|1|областью
вест|1|вести
статистик|2|статистика,статистика
ним|3|ним,ним,ними
гражданств|4|гражданства,гражданстве,гражданства,гражданства
ниж|1|ниже
прав|12|права,права,права,прав,праву,прав,права,права,права,право,право,прав
наибол|4|наиболее,наиболее,наиболее,наиболее
национальн|9|национальные,национальные,национальное,национальных,национальных,национальных,национальных,национальных,национальной
видим|3|видимые,видимо,видимо
стольк|1|столько
подстегива|1|подстегивать
высокопрофессиональн|1|высокопрофессиональным
дебат|1|дебатов
я|13|я,я,я,я,я,я,я,я,я,я,я,я,я
допустим|1|допустимый
отнес|1|отнесено
расход|1|расходов
происход|1|происходит
них|2|них,них
госорган|2|госорганов,госорганов
политическ|27|политические,политического,политическая,политических,политического,политический,политическая,политические,политический,политических,политических,политической,политический,политический,политического,политических,политических,политической,политической,политических,политических,политической,политической,политической,политических,политических,политические
покинул|1|покинули
создан|5|создании,создании,создания,созданию,создание
он|27|они,она,они,она,она,она,он,она,она,он,они,они,они,они,он,он,она,он,она,он,она,она,она,он,он,он,они
оп|1|опыт
об|6|об,об,об,об,об,об
обсужда|1|обсуждали
организац|8|организацию,организацию,организаций,организация,организаций,организации,организации,организациями
числен|3|численность,численности,численность
бы|11|бы,бы,бы,бы,бы,бы,бы,бы,бы,бы,бы
согласован|1|согласованию
цифр|6|цифра,цифры,цифры,цифр,цифрами,цифру
зарубежн|4|зарубежных,зарубежных,зарубежных,зарубежного
свидетельств|2|свидетельствует,свидетельствует
достоинств|2|достоинство,достоинству
к|27|к,к,к,к,к,к,к,к,к,к,к,к,к,к,к,к,к,к,к,к,к,к,к,к,к,к,к
сожален|2|сожалению,сожалению
нужн|16|нужно,нужно,нужны,нужна,нужно,нужно,нужно,нужны,нужна,нужный,нужны,нужна,нужно,нужна,нужна,нужно
приобретен|1|приобретение
размер|3|размеров,размер,размеры
орган|2|органов,органов
удачн|1|удачной
десятк|2|десятков,десятки
долг|7|долг,долга,долга,долгие,долгие,долгом,долгий
динамичн|3|динамично,динамично,динамичнее
долж|5|должен,должен,должен,должен,должен
знач|1|значит
хвата|1|хватает
от|10|от,от,от,от,от,от,от,от,от,от
призыв|1|призыву
подъем|1|подъемы
перв|6|первые,первых,первых,первую,первых,первые
патриотизм|1|патриотизма
использован|1|использовании
использ|1|используются
регулируем|1|регулируемые
три|15|три,три,три,три,три,три,три,три,три,три,три,три,три,три,три
обеспечен|5|обеспеченной,обеспечением,обеспечению,обеспечении,обеспечение
экспанс|1|экспансию
богат|2|богатой,богатых
величин|1|величина
образ|1|образом
фактическ|1|фактически
позволя|5|позволяют,позволяет,позволяли,позволяет,позволяет
публичн|2|публичные,публично
культурн|2|культурные,культурные
отступа|2|отступает,отступают
помн|2|помнить,помнить
раньш|2|раньше,раньше
через|2|через,через
убийств|1|убийств
существ|3|существующих,существующей,существующих
применен|1|применения
противостоян|1|противостоянию
иногд|4|иногда,иногда,иногда,иногда
явн|1|явно
утвержден|1|утвержденными
почт|6|почти,почти,почти,почти,почти,почти
консолидац|9|консолидация,консолидации,консолидации,консолидация,консолидация,консолидации,консолидации,консолидацию,консолидация
объединя|1|объединяют
где|2|где,где
амбиц|1|амбиций
нормальн|1|нормальной
открыт|2|открыта,открытости
удваива|1|удваивалось
неустойчив|1|неустойчивым
разн|2|разным,разной
курс|1|курс
категор|1|категории
порядк|2|порядка,порядке
фундамент|1|фундамент
поколен|1|поколения
трудн|2|трудные,трудно
аппетит|1|аппетиты
влиятельн|3|влиятельных,влиятельные,влиятельной
важн|18|важным,важнейший,важное,важным,важнее,важнейшей,важнейшей,важный,важной,важным,важнейшим,важнейших,важный,важное,важнейшее,важный,важнейшим,важнейших
юрисдикц|1|юрисдикции
пехот|1|пехоте
боеспособн|1|боеспособная
заметьт|1|заметьте
себ|4|себя,себя,себя,себе
глобализац|1|глобализация
грабител|1|грабителями
мирн|3|мирных,мирную,мирного
прошел|1|прошел
сел|1|сел
сем|1|семью
восприн|1|воспринят
одобр|1|одобрена
перспективн|1|перспективных
будет|16|будет,будет,будет,будет,будет,будет,будет,будет,будет,будет,будет,будет,будет,будет,будет,будет
принцип|4|принципами,принципом,принципов,принципах
коллективн|1|коллективной
рынок|2|рынок,рынок
смогут|1|смогут
двусторон|1|двусторонних
ставш|2|ставшие,ставшая
укреплен|2|укрепление,укрепление
неизмен|1|неизменно
цивилизова|3|цивилизованный,цивилизованными,цивилизованных
намерен|1|намерений
недовер|1|недоверия
приравнива|1|приравнивалось
налогообложен|1|налогообложения
министерств|2|министерства,министерств
лучш|5|лучшему,лучше,лучшей,лучше,лучших
предкризисн|1|предкризисного
вошел|1|вошел
дающ|1|дающих
дают|1|дают
двига|1|двигаться
человеческ|3|человеческий,человеческих,человеческой
планет|2|планете,планеты
собран|3|собрание,собрания,собрания
полн|3|полной,полной,полной
афганистан|1|афганистаном
вырос|2|вырос,вырос
рейтинг|1|рейтинг
вступлен|1|вступления
богатств|2|богатство,богатство
процессуальн|3|процессуальный,процессуальный,процессуальный
приумножа|1|приумножать
исполня|1|исполняться
объединен|4|объединение,объединенных,объединений,объединение
напомина|1|напоминаю
растут|1|растут
четверт|4|четверть,четверть,четверть,четверть
заболеваем|1|заболеваемости
солдат|1|солдатами
федеральн|6|федеральную,федеральной,федеральных,федеральным,федерального,федерального
жит|3|жить,жить,жить
темп|9|темпами,темпами,темпы,темпов,темпов,темпами,темпами,темпов,темпами
перспектив|5|перспективам,перспективе,перспектива,перспективе,перспективы
усил|4|усилия,усилий,усилий,усилий
десятилет|3|десятилетие,десятилетие,десятилетие
общ|9|общие,общих,общей,общие,общие,общими,общими,общих,общий
обь|2|объем,объем
явля|12|является,являются,является,является,является,является,является,является,является,являются,является,являются
госсовет|1|госсовета
продолжительн|3|продолжительность,продолжительность,продолжительность
заплат|1|заплатить
подразделен|1|подразделениях
прогрессивн|1|прогрессивных
обе|1|обеих
запрет|1|запреты
связа|2|связано,связаны
близок|1|близок
жил|2|жилье,жили
взаимодействова|1|взаимодействовать
жив|1|живым
смертност|4|смертности,смертность,смертность,смертность
понятн|4|понятных,понятно,понятный,понятном
жизн|22|жизнь,жизни,жизни,жизни,жизни,жизнь,жизнь,жизнью,жизни,жизни,жизни,жизнь,жизни,жизни,жизни,жизни,жизни,жизни,жизни,жизни,жизни,жизни
анализ|1|анализа
валов|3|валовой,валовой,валового
формирова|1|формировать
воен|5|военную,военной,военной,военные,военным
историческ|6|исторический,исторический,исторический,исторической,исторические,исторический
эпидем|1|эпидемий
пополн|1|пополнили
стоя|3|стоящих,стоящие,стоящих
сближен|1|сближение
стол|1|столь
благодар|4|благодаря,благодарю,благодаря,благодарю
арм|8|армией,армии,армии,армия,армия,армию,армия,армия
реш|4|решены,решить,решить,решить
преувеличен|1|преувеличения
реч|2|речь,речь
вниман|2|внимание,внимание
безусловн|3|безусловно,безусловным,безусловно
подчеркнут|4|подчеркнуть,подчеркнуть,подчеркнуть,подчеркнуть
инач|2|иначе,иначе
разрешен|1|разрешения
здравоохранен|2|здравоохранения,здравоохранение
исключительн|1|исключительно
завал|1|завалы
правительствен|1|правительственная
вопрос|7|вопрос,вопрос,вопросов,вопросов,вопросов,вопросами,вопросам
всю|3|всю,всю,всю
шанс|1|шансов
нескольк|2|несколько,несколько
крупн|7|крупнейших,крупнейшим,крупных,крупная,крупных,крупные,крупнейших
морск|1|морской
включ|2|включая,включая
тяжел|1|тяжелейший
финансов|5|финансово,финансовую,финансовых,финансовой,финансовых
частот|1|частота
пограничн|1|пограничных
восстановлен|2|восстановлению,восстановление
штат|1|штатами
триллион|1|триллиона
услуг|2|услуги,услуги
высказа|1|высказать
положительн|2|положительных,положительных
мелк|1|мелкие
утилизац|1|утилизация
честн|1|честно
подпитыва|1|подпитываются
сохранен|3|сохранение,сохранения,сохранения
партийн|2|партийной,партийных
народ|7|народов,народа,народ,народа,народ,народом,народа
трет|3|третью,треть,третье
трех|1|трех
измен|1|изменилось
ежегодн|2|ежегодно,ежегодного
мен|2|менее,менее
вывод|1|вывод
забыва|1|забывать
беспокойств|1|беспокойство
гражда|13|граждан,граждан,граждан,граждан,граждан,граждан,граждан,граждан,граждан,граждан,граждан,граждан,граждан
бюрократ|4|бюрократии,бюрократия,бюрократия,бюрократию
сектор|5|секторе,сектора,сектор,сектор,секторов
независим|5|независимого,независимых,независимых,независимых,независимых
банк|1|банка
получат|2|получат,получат
доб|8|добились,добиться,добиться,добиться,добиться,добиться,добиться,добиться
стагнац|1|стагнации
финансирован|1|финансирования
трудност|2|трудности,трудностях
призыва|1|призываю
перед|8|перед,перед,перед,перед,перед,перед,перед,перед
воздушн|1|воздушно
переп|1|перепись
перем|1|перемены
распространя|1|распространяться
фактор|2|факторов,факторов
иждивенческ|1|иждивенческие
жизнен|3|жизненно,жизненно,жизненной
до|8|до,до,до,до,до,до,до,до
капитальн|1|капитальным
да|8|да,да,да,да,да,да,да,дай
реформ|12|реформы,реформу,реформам,реформы,реформы,реформ,реформы,реформу,реформа,реформа,реформе,реформы
тысячелетн|1|тысячелетний
работа|9|работать,работали,работаем,работаем,работать,работающего,работающий,работали,работающего
просчет|1|просчеты
слывущ|1|слывущие
способ|3|способ,способен,способен
капита|1|капитал
кром|6|кроме,кроме,кроме,кроме,кроме,кроме
нашл|1|нашли
принципиальн|4|принципиальным,принципиальным,принципиальная,принципиальное
растет|1|растет
крайн|2|крайне,крайне
заинтересова|4|заинтересована,заинтересована,заинтересованы,заинтересованы
увязк|1|увязке
гарантирова|2|гарантированное,гарантированных
удержан|1|удержание
научн|1|научные
настроен|2|настроения,настроения
интеллектуальн|6|интеллектуальных,интеллектуальных,интеллектуальным,интеллектуальным,интеллектуальной,интеллектуальных
уничтожен|2|уничтожения,уничтожения
меша|2|мешать,мешать
упрощен|1|упрощенном
ощущен|1|ощущение
приоритетн|2|приоритетных,приоритетными
сформулирова|1|сформулированные
весьм|2|весьма,весьма
природн|1|природных
питан|1|питание
друг|15|других,другие,другие,других,другая,друг,друга,другие,другого,другими,друг,другу,других,друг,другу
кто|9|кто,кто,кто,кто,кто,кто,кто,кто,кто
вперв|3|впервые,впервые,впервые
компан|3|компаний,компании,компаний
резолюц|1|резолюции
напрям|1|напрямую
мобилизац|2|мобилизация,мобилизации
простот|1|простота
позиц|5|позициях,позиция,позиция,позиций,позиции
неизбежн|1|неизбежно
безработиц|1|безработица
процедур|1|процедур
медицин|1|медицине
держа|1|держав
возникнет|2|возникнет,возникнет
чиновник|1|чиновников
находя|1|находящееся
что|59|что,что,что,что,что,что,что,что,что,что,что,что,что,что,что,что,что,что,что,что,что,что,что,что,что,что,что,что,что,что,что,что,что,что,что,что,что,что,что,что,что,что,что,что,что,что,что,что,что,что,что,что,что,что,что,что,что,что,что
беззастенчив|1|беззастенчиво
скольк|2|сколько,сколько
буд|4|будем,будем,будем,будем
добротн|1|добротное
приступ|2|приступили,приступили
основательн|1|основательно
душ|1|душу
дух|1|духе
нема|1|немало
вед|1|ведь
протяжен|1|протяжении
амнист|1|амнистии
культур|2|культура,культуры
о|20|о,о,о,о,о,о,о,о,о,о,о,о,о,о,о,о,о,о,о,о
ведомств|3|ведомств,ведомство,ведомств
оснащен|2|оснащенными,оснащенность
затрагива|1|затрагивающей
правоохранительн|1|правоохранительной
дум|5|думы,думы,думу,думу,думу
вер|1|верили
вес|2|вес,вес
поговор|1|поговорим
самоуправлен|2|самоуправления,самоуправления
высш|1|высшее
действова|1|действовал
сдела|13|сделать,сделать,сделаны,сделать,сделать,сделал,сделан,сделать,сделать,сделать,сделанного,сделан,сделать
ест|6|есть,есть,есть,есть,есть,есть
референдум|4|референдума,референдум,референдум,референдуме
региональн|2|региональные,региональную
кодификац|1|кодификации
территор|3|территории,территории,территорией
нефтепродукт|1|нефтепродуктов
масштабн|3|масштабная,масштабным,масштабной
трагед|1|трагедий
систем|5|система,системы,системой,системы,системы
добрососедск|1|добрососедские
по|29|по,по,по,по,по,по,по,по,по,по,по,по,по,по,по,по,по,по,по,по,по,по,по,по,по,по,по,по,по
конкретн|2|конкретную,конкретных
сторонник|1|сторонниками
подвиг|2|подвиг,подвиг
суммарн|3|суммарно,суммарные,суммарный
пят|1|пяти
есл|13|если,если,если,если,если,если,если,если,если,если,если,если,если
вполн|3|вполне,вполне,вполне
кровопийц|1|кровопийцами
палат|1|палат
производств|1|производство
местн|2|местного,местного
инструмент|1|инструментом
избра|1|избрать
государствен|16|государственной,государственный,государственную,государственного,государственных,государственные,государственные,государственной,государственной,государственный,государственную,государственного,государственно,государственного,государственную,государственную
внутр|1|внутри
ожидан|1|ожиданий
склоня|1|склоняем
один|1|один
ве|2|весь,весь
во|18|во,во,во,во,во,во,во,во,во,во,во,во,во,во,во,во,во,во
изолирова|1|изолирована
планирован|2|планирование,планирования
боязн|1|боязни
арен|1|арене
полноцен|3|полноценного,полноценным,полноценно
рыночн|1|рыночной
государств|26|государств,государств,государств,государства,государства,государств,государствам,государств,государства,государством,государств,государство,государства,государства,государством,государства,государств,государству,государств,государствами,государств,государств,государств,государств,государства,государство
смысл|2|смысле,смыслах
вы|2|вы,вы
появ|1|появится
обществ|13|обществом,общества,общество,общества,обществе,общества,общества,общества,общества,общество,общество,общества,общество
властн|1|властных
треб|1|требуют
активн|9|активное,активное,активности,активности,активном,активное,активно,активную,активное
среднесрочн|1|среднесрочному
давност|1|давности
борьб|9|борьбы,борьбу,борьбе,борьбе,борьбе,борьбе,борьбы,борьбы,борьбе
извлека|1|извлекать
проблем|12|проблемы,проблемами,проблемой,проблемы,проблемы,проблеме,проблеме,проблема,проблеме,проблемы,проблемы,проблеме
признак|1|признаком
рук|3|руках,руки,руках
интернет|1|интернетом
структурн|1|структурные
рядов|1|рядовых
традицион|2|традиционных,традиционных
повтор|3|повторю,повторю,повторю
резерв|3|резервы,резервы,резервы
препон|1|препоны
золот|1|золотого
механизм|6|механизм,механизмов,механизм,механизмом,механизма,механизмы
выбор|10|выборах,выбор,выбора,выбора,выбор,выбора,выборов,выбор,выборы,выборов
валют|1|валют
когд|9|когда,когда,когда,когда,когда,когда,когда,когда,когда
избирательн|2|избирательную,избирательных
усилен|1|усиление
делов|1|деловые
пользовател|1|пользователей
соста|1|состав
состо|1|состоится
рождаем|3|рождаемости,рождаемость,рождаемости
называ|4|называемых,называемая,называемую,называть
закон|2|законов,законы
определя|3|определяют,определяются,определяться
реализ|1|реализуется
обстановк|1|обстановка
продолжа|6|продолжает,продолжает,продолжала,продолжала,продолжает,продолжает
служа|1|служащие
сейчас|5|сейчас,сейчас,сейчас,сейчас,сейчас
предел|2|пределов,пределы
опира|1|опирающееся
накаплива|1|накапливается
тайн|1|тайной
задач|18|задача,задач,задачи,задачи,задачах,задачу,задача,задача,задачи,задач,задача,задачу,задач,задачей,задач,задач,задач,задачи
оруж|9|оружие,оружия,оружия,оружия,оружием,оружия,оружия,оружия,оружие
произошедш|1|произошедших
получ|3|получила,получилось,получить
укреп|2|укрепили,укрепить
многопартийн|1|многопартийной
чувствительн|1|чувствительной
чтоб|7|чтобы,чтобы,чтобы,чтобы,чтобы,чтобы,чтобы
плох|1|плохо
без|8|без,без,без,без,без,без,без,без
удвоен|1|удвоение
центральн|1|центрального
намет|1|наметились
упадок|1|упадок
воспользова|1|воспользоваться
учет|2|учета,учетом
облада|3|обладает,обладать,обладают
экспортер|2|экспортера,экспортером
устойчив|4|устойчивой,устойчивого,устойчивый,устойчивом
обещан|2|обещания,обещаний
увеличен|1|увеличение
позвол|7|позволит,позволили,позволил,позволил,позволил,позволит,позволит
за|39|за,за,за,за,за,за,за,за,за,за,за,за,за,за,за,за,за,за,за,за,за,за,за,за,за,за,за,за,за,за,за,за,за,за,за,за,за,за,за
степен|5|степени,степени,степени,степени,степени
снижа|4|снижается,снижаться,снижающейся,снижаются
положен|2|положении,положения
либ|2|либо,либо
товар|4|товаром,товаров,товаров,товары
оборон|1|оборонный
угрожа|2|угрожает,угрожало
комфортн|1|комфортное
сдвинут|1|сдвинуть
единств|2|единство,единства
группов|1|групповыми
провел|1|провело
оценк|2|оценкам,оценке
контрактн|2|контрактную,контрактной
соблюден|1|соблюдение
существова|1|существовать
налогов|9|налоговой,налоговой,налогового,налоговая,налогового,налоговое,налоговой,налоговых,налоговой
невыполним|1|невыполнимые
процесс|6|процесса,процесс,процессы,процессе,процессов,процессов
сниз|2|снизилась,снизить
прор|1|прорыв
линейн|1|линейных
земельн|1|земельных
калининградск|1|калининградской
коммунальн|1|коммунального
большинств|2|большинство,большинство
конкурирова|1|конкурировать
субъект|1|субъектов
вокруг|2|вокруг,вокруг
представля|2|представляю,представляется
динамик|1|динамика
кризисн|1|кризисного
медицинск|1|медицинское
продовольствен|1|продовольственных
убереч|1|уберечь
одн|17|одно,одной,одной,одна,одной,одна,одной,одна,одним,одной,одного,одном,одной,одна,одного,одним,одним
отработк|1|отработки
сопутств|1|сопутствует
обсужден|1|обсуждения
преобразован|1|преобразования
довед|1|доведем
диалог|1|диалог
трехлетн|3|трехлетний,трехлетней,трехлетней
такж|12|также,также,также,также,также,также,также,также,также,также,также,также
демократическ|1|демократической
дослуж|1|дослужить
благополучн|1|благополучного
един|3|единого,единого,единого
обманут|1|обманутых
четк|1|четких
доступн|1|доступными
немног|1|немногие
источник|3|источником,источников,источников
сержантск|1|сержантский
торговл|1|торговли
услов|13|условия,условия,условия,условиях,условиях,условий,условиях,условиях,условия,условиях,условиях,условиях,условий
пут|9|путь,пути,пути,путем,пути,пути,путь,путей,путь
налог|2|налоги,налогов
договор|2|договор,договора
соединен|2|соединенные,соединенными
нет|4|нет,нет,нет,нет
массов|2|массового,массового
печальн|1|печальная
же|7|же,же,же,же,же,же,же
больш|13|больше,большие,большого,больше,большой,большую,больше,больше,большей,большей,большей,больших,большое
тот|1|тот
потреб|2|потребует,потребует
смож|1|сможем
уж|12|уже,уже,уже,уже,уже,уж,уже,уже,уж,уже,уже,уже
достойн|4|достойные,достойным,достойную,достойных
вдво|1|вдвое
безвремен|1|безвременья
полож|1|положить
продвига|1|продвигающийся
обществен|5|общественной,общественно,общественными,общественных,общественной
монополист|1|монополисты
крепк|2|крепких,крепкая
тог|7|того,того,того,того,того,того,того
тож|1|тоже
встава|1|вставала
целостн|4|целостности,целостности,целостности,целостности
депутатск|1|депутатских
контракт|1|контракту
объединительн|1|объединительные
вынужд|1|вынужден
скромн|2|скромны,скромнее
нем|1|нем
скор|1|скорее
одкб|1|одкб
центр|2|центром,центром
восьм|1|восьми
демонстративн|1|демонстративно
качеств|4|качества,качеству,качестве,качестве
известн|2|известных,известны
ценност|1|ценностей
начат|1|начатого
регулярн|1|регулярно
горазд|1|гораздо
прожиточн|2|прожиточного,прожиточного
умеет|1|умеет
нуж|3|нужен,нужен,нужен
мал|1|мало
свод|1|сводит
ситуац|8|ситуацию,ситуацию,ситуация,ситуация,ситуацию,ситуации,ситуацию,ситуации
зна|1|знаем
невозмож|1|невозможен
верховенств|1|верховенство
строительств|2|строительству,строительством
налич|1|наличии
небольш|1|небольшим
поддержива|5|поддерживал,поддерживали,поддерживать,поддерживается,поддерживаю
отравлен|1|отравлений
врем|4|время,времен,время,время
разумн|1|разумный
промышлен|1|промышленное
способств|1|способствует
кодекс|3|кодекса,кодекс,кодексы
элементарн|1|элементарных
собир|1|собираясь
избирател|1|избирателей
смогл|1|смогли
ещ|19|еще,еще,еще,еще,еще,еще,еще,еще,еще,еще,еще,еще,еще,еще,еще,еще,еще,еще,еще
ожида|3|ожидаемая,ожидать,ожидаемых
технолог|4|технологии,технологиях,технологии,технологий
всяк|4|всяком,всяком,всяком,всякого
внешнеторгов|1|внешнеторговой
геополитическ|1|геополитических
числ|11|числе,число,числе,число,число,числе,число,числу,числе,числе,числе
пожил|1|пожилым
дополнительн|3|дополнительные,дополнительные,дополнительный
сосед|1|соседи
вплотн|2|вплотную,вплотную
конкурентн|2|конкурентный,конкурентной
м|2|м,м
член|6|члены,членом,члены,члены,членом,члены
популистск|1|популистскими
малоэффектив|1|малоэффективен
непосредствен|1|непосредственной
стратегическ|9|стратегическая,стратегического,стратегическим,стратегических,стратегической,стратегических,стратегического,стратегического,стратегических
злом|2|злом,злом
срок|1|сроками
транжир|1|транжирится
ем|2|ему,ему
использова|2|использована,использованы
социальн|7|социальные,социального,социально,социальных,социальной,социально,социальными
обострен|1|обострения
ег|6|его,его,его,его,его,его
сдерживан|1|сдерживания
мнен|2|мнение,мнениями
младенческ|1|младенческая
истор|5|историю,истории,историю,историю,историю
придет|2|придется,придется
пробл|11|проблем,проблем,проблем,проблем,проблем,проблем,проблем,проблем,проблему,проблем,проблем
наконец|10|наконец,наконец,наконец,наконец,наконец,наконец,наконец,наконец,наконец,наконец
запуга|3|запугать,запугать,запугать
возмож|1|возможен
разбит|1|разбито
преференц|1|преференций
страхован|1|страхование
телефонизац|1|телефонизации
дружеск|1|дружеские
сил|14|силами,сил,силы,сил,сил,сил,силами,сил,сил,сил,сил,сил,сил,силы
непрерывн|1|непрерывной
бюджет|2|бюджета,бюджета
правильн|5|правильном,правильный,правильными,правильность,правильный
нача|3|начали,начали,начали
прояв|1|проявившихся
знает|2|знаете,знаете
перманентн|1|перманентная
ограничива|2|ограничивать,ограничиваться
кадров|1|кадровый
одинаков|1|одинаково
межгосударствен|1|межгосударственных
нередк|1|нередко
печат|1|печатями
четыр|2|четыре,четыре
международн|13|международная,международной,международных,международных,международных,международных,международного,международный,международных,международным,международного,международного,международным
законодательств|4|законодательства,законодательство,законодательство,законодательства
нравствен|1|нравственных
постоя|3|постоянного,постоянной,постоянной
частн|2|частные,частная
правот|1|правоте
всемирн|1|всемирную
подчас|1|подчас
конструктивн|1|конструктивное
бизнес|3|бизнес,бизнеса,бизнес
подобн|4|подобной,подобной,подобных,подобных
единствен|1|единственное
существован|1|существованием
как|20|как,как,как,как,как,каких,какой,как,как,как,как,как,как,как,как,как,как,как,как,как
директивн|1|директивно
проч|1|прочего
последн|11|последних,последних,последние,последнее,последние,последние,последние,последних,последнее,последнего,последние
базов|2|базовых,базовым
прот|3|против,против,против
компромисс|1|компромисс
множеств|1|множества
обойт|1|обойти
усилива|1|усиливающаяся
избыточн|1|избыточные
конвертируем|2|конвертируемости,конвертируемости
достоин|1|достоин
контур|1|контуры
достигнут|2|достигнутые,достигнутые
стат|5|стать,стать,стать,стать,стать
экономическ|37|экономически,экономические,экономического,экономический,экономические,экономическим,экономическая,экономических,экономическая,экономический,экономический,экономическому,экономические,экономический,экономического,экономический,экономические,экономическом,экономической,экономических,экономически,экономический,экономического,экономического,экономический,экономические,экономических,экономической,экономической,экономический,экономические,экономическом,экономические,экономического,экономического,экономических,экономическим
ежедневн|1|ежедневном
прием|1|приема
разработа|3|разработать,разработать,разработана
реальн|11|реально,реальные,реально,реальной,реально,реального,реально,реальной,реальных,реальных,реальная
ослаблен|1|ослабления
минимум|3|минимума,минимума,минимум
нефт|1|нефти
назва|4|названо,названа,названа,названных
средневеков|1|средневековье
приеха|2|приехавших,приехали
евросоюз|1|евросоюзе
стал|6|стали,стал,стали,стал,стали,стала
сторон|2|стороны,сторону
долгосрочн|1|долгосрочной
неконкурентоспособн|1|неконкурентоспособны
действ|2|действия,действий
полномоч|5|полномочий,полномочий,полномочиями,полномочий,полномочий
рамк|6|рамках,рамках,рамках,рамках,рамках,рамками
