вынужден|1|вынужденные
несправедлив|1|несправедливо
отступлен|1|отступлениями
рно|1|рное
упрежден|1|упреждения
функционирован|2|функционирования,функционировании
завис|5|зависит,зависит,зависит,зависит,зависит
давн|4|давно,давнее,давно,давно
заканчива|1|заканчивается
вооруж|2|вооруж,вооруж
составля|4|составляющую,составляют,составляющая,составляющими
парт|20|партии,партий,партия,партии,партиям,партии,партии,партий,партий,партиям,партиями,партии,партии,партии,партии,партиях,партии,партий,партий,партии
доход|1|доходах
поступк|1|поступки
наук|2|науке,науку
под|3|под,подъ,под
руководител|5|руководителей,руководителям,руководителей,руководителей,руководители
соглашен|1|соглашениям
пот|3|потом,потом,потом
пор|3|пора,порой,пор
бесконечн|1|бесконечно
специалист|2|специалист,специалистах
прочност|1|прочность
системн|4|системно,системности,системно,системный
участ|6|участие,участия,участии,участие,участие,участие
дипломат|1|дипломатии
справ|2|справимся,справимся
педагогическ|1|педагогическим
говор|9|говорится,говорю,говоря,говорил,говорил,говоря,говорил,говорил,говорили
муниципалитет|1|муниципалитетов
выйт|2|выйти,выйти
результат|12|результате,результате,результате,результате,результаты,результатах,результаты,результатом,результаты,результаты,результата,результатов
структур|3|структурами,структур,структур
дня|1|дня
наж|1|нажить
над|26|надо,надо,надо,надо,надо,надо,надо,надо,надо,надо,надо,надо,надо,надо,надо,надо,надо,над,надо,над,над,над,надо,надо,надо,надо
успешн|5|успешно,успешным,успешную,успешной,успешные
ориентирова|1|ориентироваться
конкурент|1|конкуренты
цифров|1|цифрового
нам|12|нам,нам,нам,нам,нам,нам,нам,нам,нам,нам,нам,нам
максимальн|4|максимальным,максимально,максимальных,максимально
полага|4|полагаю,полагают,полагаю,полагаю
средств|4|средства,средствами,средство,средства
средн|4|среднего,среднего,среднему,средние
образован|12|образовании,образовании,образования,образования,образовании,образования,образования,образования,образованием,образования,образование,образовании
сбор|1|сбора
у|15|у,у,у,у,у,у,у,у,у,у,у,у,у,у,у
сми|2|сми,сми
предпринимательск|1|предпринимательской
высок|2|высок,высоких
жител|2|жителей,жителей
избран|2|избрания,избранию
нац|8|нациям,нации,нации,нации,нации,нации,нации,наций
нат|2|нато,нато
необходим|20|необходимо,необходимо,необходимым,необходимо,необходимым,необходимые,необходимости,необходимый,необходимых,необходимы,необходимости,необходимость,необходимо,необходимого,необходимые,необходимо,необходимы,необходимо,необходимости,необходимое
нас|20|нас,нас,нас,нас,нас,нас,нас,нас,нас,нас,нас,нас,нас,нас,нас,нас,нас,нас,нас,нас
спор|3|спорит,споров,споров
наш|66|нашей,наши,наших,нашей,нашего,нашим,наша,наших,нашу,наш,наше,нашей,наши,нашего,наши,наши,наше,наши,нашей,нашу,нашей,наших,наши,наш,нашей,наших,нашей,нашего,нашего,наше,наши,наших,наше,наших,нашу,наше,наше,нашего,нашего,нашего,нашу,нашем,наших,нашей,нашего,нашей,наша,нашем,нашими,наши,наши,нашей,нашим,наших,нашими,наши,нашими,нашим,нашей,нашим,наши,нашей,нашему,наших,нашей,нашего
мно|7|мной,мною,мной,мной,мной,мной,мною
решен|26|решения,решения,решения,решения,решение,решение,решении,решения,решение,решений,решений,решений,решений,решения,решениях,решение,решения,решение,решение,решения,решения,решение,решений,решение,решение,решения
груз|2|грузии,грузии
мне|1|мне
слож|4|сложившихся,сложившихся,сложился,сложа
слов|10|слова,слова,слова,слова,слов,слов,слова,слова,слов,слова
некотор|5|некоторых,некоторых,некоторые,некоторые,некоторые
выйд|1|выйдем
размещен|2|размещения,размещение
судьб|1|судьба
дад|1|дадим
кавказ|3|кавказе,кавказе,кавказе
предупрежда|1|предупреждать
способствова|3|способствовать,способствовать,способствовать
равн|2|равные,равно
пок|4|пока,пока,покое,пока
южн|6|южной,южном,южной,южной,южной,южной
тесн|1|теснейшим
служ|1|служить
найд|3|найден,найдена,найдены
декабр|1|декабре
назов|1|назову
случ|1|случиться
затянул|2|затянулась,затянули
самоподготовк|1|самоподготовки
гражданск|6|гражданского,гражданских,гражданскому,гражданскую,гражданского,гражданских
высвобожда|1|высвобождаемые
откладыва|2|откладывать,откладывать
прожива|1|проживать
остр|1|острее
несовершенств|1|несовершенством
привилег|1|привилегией
разумеет|1|разумеется
судебн|11|судебной,судебной,судебной,судебной,судебных,судебной,судебных,судебное,судебных,судебная,судебной
честн|1|честный
сво|33|сво,свой,свою,свои,своих,свои,своим,сво,своими,свои,своих,свою,свою,своей,своему,свои,своих,своих,свои,своего,свои,свои,своей,своему,своих,свой,свои,свои,свои,свои,свои,свою,свою
пережива|1|переживают
барьер|1|барьер
психологическ|1|психологически
перешл|1|перешли
проектирован|2|проектирования,проектирования
сред|2|среди,среды
нормализац|1|нормализации
ужаса|1|ужасающая
работ|15|работа,работы,работы,работы,работы,работы,работы,работа,работы,работа,работы,работа,работы,работы,работу
рабоч|2|рабочие,рабочей
их|40|их,их,их,их,их,их,их,их,их,их,их,их,их,их,их,их,их,их,их,их,их,их,их,их,их,их,их,их,их,их,их,их,их,их,их,их,их,их,их,их
сможет|1|сможет
обернул|2|обернулось,обернулась
напряжен|1|напряжение
изменен|4|изменения,изменения,изменения,изменения
администрац|4|администрации,администрации,администрацией,администрацией
акцент|1|акцент
дестабилизирова|2|дестабилизировала,дестабилизировать
представительств|4|представительства,представительства,представительства,представительства
скоординирова|1|скоординировать
период|11|период,период,периоды,период,период,период,период,периода,период,период,период
поним|1|понимая
для|70|для,для,для,для,для,для,для,для,для,для,для,для,для,для,для,для,для,для,для,для,для,для,для,для,для,для,для,для,для,для,для,для,для,для,для,для,для,для,для,для,для,для,для,для,для,для,для,для,для,для,для,для,для,для,для,для,для,для,для,для,для,для,для,для,для,для,для,для,для,для
мног|15|многих,многое,многие,многие,многие,многом,много,многие,многое,много,многом,много,многие,много,многое
пристальн|1|пристального
вызов|1|вызовам
осуществля|3|осуществлялась,осуществлялись,осуществляться
влия|1|влияющих
аппарат|5|аппарата,аппарат,аппарата,аппарате,аппаратов
объясня|1|объясняется
гарант|7|гарантии,гарантии,гарантии,гарантий,гарантии,гарантии,гарант
миров|14|мировой,мировое,мировой,мирового,мировых,мирового,мировой,мировой,мировой,мировых,мировых,мировой,мировых,мировую
учрежден|3|учреждения,учреждений,учреждений
июл|1|июле
ошибк|1|ошибки
предложен|9|предложение,предложения,предложения,предложение,предложения,предложения,предложений,предложение,предложения
каркас|1|каркас
велик|3|великого,великой,великому
опережа|1|опережающего
нног|7|нного,нного,нного,нного,нного,нного,нного
нном|1|нном
рнут|1|рнут
ведет|1|ведет
качествен|2|качественно,качественно
ресурс|8|ресурса,ресурсами,ресурс,ресурсов,ресурс,ресурса,ресурсы,ресурсы
страхов|1|страховых
самоизоляц|1|самоизоляция
привест|1|привести
рассматрива|1|рассматриваем
рол|10|роль,роль,роль,роль,роль,роль,роль,роли,роль,роли
провест|2|провести,провести
количеств|5|количества,количество,количество,количество,количеством
болтовн|1|болтовню
даст|1|даст
ров|2|ров,ров
род|1|рода
станет|1|станет
предопредел|1|предопределила
дума|4|думаю,думаю,думаю,думаю
комплекс|3|комплекс,комплекс,комплекса
наход|3|находиться,находились,находить
веден|1|ведения
никак|4|никакой,никаких,никак,никакого
зря|2|зря,зря
подпис|2|подписей,подписей
повыс|1|повысить
хотел|6|хотел,хотел,хотел,хотел,хотел,хотел
справедлив|11|справедливым,справедливость,справедливому,справедливость,справедливо,справедливых,справедливого,справедливо,справедливого,справедливое,справедливости
показыва|1|показывают
выгод|2|выгоды,выгод
шаг|5|шаги,шаги,шаги,шаги,шаги
длительн|2|длительный,длительных
искрен|1|искренней
охват|1|охвату
нест|1|нести
двойн|1|двойных
предписыва|1|предписывающий
поднима|1|поднимались
поддержан|1|поддержания
доказательств|1|доказательством
выстраива|1|выстраивать
многовекторн|1|многовекторной
соответств|8|соответствующих,соответствующего,соответствующий,соответствии,соответствующих,соответствие,соответствующие,соответствующего
промедлен|2|промедление,промедления
пространств|2|пространство,пространстве
первоочередн|2|первоочередные,первоочередном
тип|1|типа
участвова|2|участвовал,участвовать
благотворительн|1|благотворительных
госдум|1|госдуму
газ|1|газ
нигилизм|2|нигилизма,нигилизм
скаж|3|скажу,скажу,скажем
раз|5|раз,раз,раз,раз,раз
контрол|4|контроль,контроль,контроля,контроля
рад|3|ради,ради,ради
конечн|11|конечно,конечном,конечных,конечно,конечном,конечном,конечно,конечно,конечно,конечно,конечная
оптимальн|2|оптимального,оптимального
остава|1|оставаться
ран|2|ранее,ранее
рам|5|рам,рами,рами,рам,рами
реша|8|решающая,решать,решаться,решаются,решаются,решающую,решающим,решать
называ|3|называемые,называемый,называемую
шар|1|шара
учебн|1|учебные
сут|1|сути
подарк|1|подарки
учител|4|учителю,учителей,учителя,учитель
идеал|2|идеалов,идеалах
антикоррупцион|2|антикоррупционная,антикоррупционной
част|6|часть,часть,части,частью,часть,часть
кадр|2|кадров,кадров
внес|2|внес,внесу
взаимодейств|5|взаимодействия,взаимодействия,взаимодействии,взаимодействии,взаимодействие
трат|2|тратиться,трат
обраща|5|обращаю,обращаю,обращаю,обращаю,обращаю
назрел|1|назрел
мож|3|можем,можем,можем
предсто|3|предстоит,предстоит,предстоит
мог|1|мог
критик|2|критики,критикующих
набра|2|набравшими,набрать
предприня|3|предприняли,предпринять,предпринять
взгляд|1|взгляде
неполитическ|1|неполитических
следовательн|2|следовательно,следовательно
пузыр|1|пузырь
президент|7|президента,президент,президенту,президенту,президента,президента,президента
законодательн|6|законодательное,законодательного,законодательные,законодательном,законодательной,законодательно
противодейств|2|противодействия,противодействия
творческ|4|творческому,творческая,творчески,творческими
тепер|6|теперь,теперь,теперь,теперь,теперь,теперь
дорог|4|дороги,дорогие,дорогу,дорогие
спортивн|1|спортивных
пуска|1|пускаться
единоличн|1|единоличного
мор|1|море
совет|10|совета,советую,совет,совета,совете,совета,советах,совета,совет,совета
включа|3|включать,включать,включает
козельск|1|козельске
русск|1|русский
отечествен|1|отечественную
суд|18|судов,суда,суды,суд,судей,судов,судей,суд,суда,судов,судей,судов,суды,судов,суда,судам,судей,суд
уговарива|2|уговаривать,уговаривать
заверш|1|завершить
компетенц|2|компетенции,компетенция
многочислен|1|многочисленным
подталкива|1|подталкивает
политик|6|политики,политики,политика,политике,политике,политики
масштаб|1|масштабам
сбо|1|сбой
ответ|2|ответы,ответы
гуманизац|2|гуманизация,гуманизация
х|2|х,х
баланс|3|баланс,баланса,баланс
эффективн|15|эффективность,эффективно,эффективности,эффективные,эффективна,эффективной,эффективного,эффективного,эффективно,эффективного,эффективности,эффективны,эффективности,эффективно,эффективность
ошибок|2|ошибок,ошибок
выделен|1|выделенные
двум|1|двум
продолж|1|продолжится
частност|1|частности
показател|2|показателей,показатели
сложн|3|сложнейшей,сложных,сложные
значим|2|значимыми,значимым
служб|3|службы,службе,службе
поведен|3|поведения,поведения,поведения
принужден|1|принуждении
осво|2|освоившем,освоило
назначен|1|назначению
октябр|1|октябрю
принят|8|принятие,принятие,принято,принятое,принята,приняты,принято,приняты
пониман|1|пониманием
прошедш|2|прошедшие,прошедшие
авантюризм|1|авантюризма
элемент|1|элементам
внов|2|вновь,вновь
нанесл|1|нанесли
сша|1|сша
шест|2|шестое,шестая
траектор|1|траекторию
интеграцион|1|интеграционное
выш|2|выше,выше
окружен|1|окружение
гигантск|2|гигантской,гигантским
уровн|10|уровней,уровня,уровне,уровней,уровней,уровня,уровне,уровня,уровня,уровня
стро|5|строятся,строй,строя,строится,строить
таможн|1|таможни
тност|1|тности
соб|4|собой,собой,собой,собой
приоритет|4|приоритет,приоритетов,приоритет,приоритетом
финанс|1|финансов
чег|6|чего,чего,чего,чего,чего,чего
уникальн|1|уникальный
предлага|3|предлагаю,предлагаемого,предлагаю
получа|1|получать
чем|14|чем,чему,чем,чем,чем,чему,чем,чем,чем,чем,чем,чем,чем,чем
однак|6|однако,однако,однако,однако,однако,однако
провозглас|1|провозгласившего
эгоистическ|1|эгоистические
косов|1|косова
внош|1|вношу
установ|2|установив,установить
федеративн|3|федеративное,федеративных,федеративных
внос|3|вносятся,вносим,вносят
добива|2|добивающаяся,добиваться
освещен|1|освещения
физическ|1|физически
полноцен|4|полноценно,полноценное,полноценное,полноценных
рецидив|1|рецидивов
всех|17|всех,всех,всех,всех,всех,всех,всех,всех,всех,всех,всех,всех,всех,всех,всех,всех,всех
убежд|1|убежд
седьм|1|седьмое
экспорт|1|экспорт
запуст|1|запустить
потенциа|4|потенциал,потенциала,потенциал,потенциал
применя|1|применяются
здан|2|здание,зданий
помога|3|помогают,помогать,помогать
снижа|1|снижать
привлек|1|привлекая
причин|6|причины,причин,причин,причин,причины,причин
облик|2|облик,облика
атмосфер|1|атмосферы
назад|2|назад,назад
ярк|1|ярких
состоян|2|состоянии,состоянии
перевооружен|1|перевооружения
современ|8|современную,современного,современных,современной,современной,современной,современных,современной
лиш|6|лишь,лишь,лишены,лишь,лишь,лишь
баз|2|базы,базами
привлеч|1|привлечь
гармонизац|1|гармонизацию
ветер|1|ветер
сформирова|3|сформировано,сформирован,сформировать
лиц|11|лиц,лиц,лицо,лицами,лиц,лица,лиц,лиц,лиц,лиц,лице
стабилизац|1|стабилизацию
сокраща|1|сокращать
всег|15|всего,всего,всего,всего,всего,всего,всего,всего,всего,всего,всего,всего,всего,всего,всего
всем|16|всем,всеми,всем,всем,всеми,всеми,всеми,всем,всем,всеми,всем,всем,всеми,всеми,всеми,всему
технологическ|1|технологическими
практическ|9|практическая,практическую,практически,практических,практической,практически,практической,практической,практические
завершен|1|завершения
рынк|10|рынке,рынками,рынки,рынков,рынков,рынке,рынка,рынке,рынки,рынки
укреп|1|укрепят
уважен|2|уважения,уважения
недовер|1|недоверием
отчитыва|1|отчитываться
альтернативн|1|альтернативных
установлен|6|установленный,установления,установленными,установление,установленный,установленных
снижен|2|снижения,снижению
неповторим|1|неповторимую
особен|7|особенность,особенно,особенно,особенно,особенно,особенно,особенно
страхован|5|страховании,страхование,страхование,страхования,страхования
двух|1|двух
плох|1|плохой
ближайш|4|ближайшем,ближайшее,ближайшее,ближайшее
нност|4|нности,нность,нность,нности
вовлека|2|вовлекать,вовлекать
открыва|1|открывающимся
отдач|2|отдачу,отдачи
земн|1|земного
очевид|1|очевиден
итог|3|итогам,итоге,итогам
колебан|2|колебания,колебания
правительств|12|правительство,правительства,правительство,правительства,правительством,правительство,правительству,правительству,правительством,правительству,правительство,правительству
дан|2|данных,даны
ограничен|1|ограничения
бедност|1|бедности
мним|1|мнимой
подписа|1|подписан
медпункт|1|медпунктов
идеолог|2|идеологии,идеология
южноосетинск|1|южноосетинского
случа|8|случае,случае,случае,случаев,случаи,случаях,случае,случае
сумел|1|сумели
трибун|1|трибуну
точк|1|точке
конкуренц|1|конкуренцию
конфликт|5|конфликт,конфликта,конфликта,конфликтов,конфликтов
людьм|2|людьми,людьми
избира|2|избирались,избираются
ме|1|ме
соверш|1|соверш
ма|1|ма
мо|1|мо
федерац|23|федерации,федерации,федерация,федерации,федерации,федерации,федерации,федерации,федерации,федерации,федерации,федерации,федерации,федерации,федерации,федерации,федерацией,федерации,федерации,федерации,федерации,федерацию,федерации
наиважн|1|наиважнейшие
груб|1|грубые
самонадея|1|самонадеянного
достаточн|5|достаточно,достаточно,достаточно,достаточное,достаточно
банковск|1|банковской
антиамериканизм|1|антиамериканизма
предпочита|1|предпочитающего
наоборот|1|наоборот
воздержа|1|воздержаться
работодател|3|работодатель,работодателем,работодателей
ученик|2|ученикам,ученику
с|72|с,с,с,с,с,с,с,с,с,с,с,с,с,с,с,с,с,с,с,с,с,с,с,с,с,с,с,с,с,с,с,с,с,с,с,с,с,с,с,с,с,с,с,с,с,с,с,с,с,с,с,с,с,с,с,с,с,с,с,с,с,с,с,с,с,с,с,с,с,с,с,с
перегружен|1|перегруженным
обеспеч|8|обеспечить,обеспечили,обеспечить,обеспечить,обеспечена,обеспечены,обеспечить,обеспечить
возможн|15|возможности,возможно,возможно,возможным,возможность,возможность,возможностей,возможности,возможность,возможность,возможности,возможность,возможность,возможности,возможностям
распад|1|распада
напомн|7|напомню,напомню,напомнить,напомню,напомню,напомню,напомню
сомнен|2|сомнение,сомнений
мудрост|1|мудрости
тки|1|ткие
добавл|2|добавлю,добавлю
раскр|1|раскрыть
полезн|1|полезным
характерн|1|характерно
личност|4|личность,личности,личность,личности
руководств|4|руководствуется,руководство,руководство,руководству
законопроект|3|законопроектов,законопроект,законопроектов
закреплен|2|закрепленных,закрепление
форм|4|формы,форм,формах,форме
мы|63|мы,мы,мы,мы,мы,мы,мы,мы,мы,мы,мы,мы,мы,мы,мы,мы,мы,мы,мы,мы,мы,мы,мы,мы,мы,мы,мы,мы,мы,мы,мы,мы,мы,мы,мы,мы,мы,мы,мы,мы,мы,мы,мы,мы,мы,мы,мы,мы,мы,мы,мы,мы,мы,мы,мы,мы,мы,мы,мы,мы,мы,мы,мы
вертика|1|вертикали
здоров|7|здоровье,здоровья,здоровье,здоровья,здоровьем,здоровья,здорового
практик|2|практики,практике
относ|4|относиться,относиться,относиться,относиться
наступлен|1|наступление
перечисл|1|перечислены
расширя|1|расширять
формат|2|форматов,форматах
своевремен|1|своевременное
всенародн|1|всенародно
предоставлен|1|предоставлении
традиц|4|традиции,традиций,традиций,традиций
преступн|1|преступного
замет|1|заметил
замеч|1|замечу
утвержд|2|утверждена,утвержд
разграничен|2|разграничения,разграничения
год|21|года,году,год,года,года,году,годы,году,годы,годов,годы,года,года,года,года,годом,году,году,годы,году,года
разбирательств|1|разбирательство
удобн|1|удобной
грузинск|3|грузинской,грузинское,грузинского
тко|1|тко
имеет|1|имеет
пренебрегл|1|пренебрегли
вперед|1|впереди
создава|6|создавать,создавать,создавать,создавать,создавать,создаваемыми
уточня|2|уточняющих,уточняем
безопасн|10|безопасности,безопасным,безопасности,безопасности,безопасности,безопасность,безопасности,безопасности,безопасности,безопасней
отлож|1|отложить
связ|4|связи,связи,связи,связи
нку|1|нку
техник|1|техникой
забот|2|забота,заботой
класс|1|класса
взаимозависим|2|взаимозависимость,взаимозависимости
школьник|1|школьников
порядок|2|порядок,порядок
дальш|3|дальше,дальше,дальше
отказыва|1|отказывается
тбилисск|2|тбилисского,тбилисского
сущност|1|сущность
подготовл|1|подготовлена
незакон|2|незаконны,незаконными
оценив|1|оценивая
стесня|1|стесняются
представител|1|представителей
голов|1|головами
ядр|2|ядро,ядром
участник|3|участниками,участников,участниках
событ|6|событий,события,событиям,событием,событиях,события
минимальн|2|минимальное,минимальный
особ|5|особо,особое,особым,особую,особое
тариф|1|тарифов
продуктивн|1|продуктивный
будущ|7|будущем,будущем,будущие,будущих,будущем,будущей,будущее
лекарств|1|лекарств
свобод|15|свобода,свобода,свобода,свобода,свободы,свобод,свободу,свободы,свободы,свободами,свободы,свобода,свободе,свободы,свобод
посл|1|после
неправительствен|1|неправительственных
будут|16|будут,будут,будут,будут,будут,будут,будут,будут,будут,будут,будут,будут,будут,будут,будут,будут
дальн|5|дальнейшего,дальнейшее,дальнейшему,дальнейшая,дальнейшем
операц|2|операция,операциях
будуч|1|будучи
изменя|1|изменяли
предвыборн|1|предвыборных
достижен|4|достижений,достижение,достижению,достижения
основ|11|основы,основе,основы,основу,основы,основа,основе,основе,основе,основе,основу
ориентир|1|ориентиры
пенс|3|пенсий,пенсий,пенсии
сперв|1|сперва
треб|1|требуют
дел|9|дело,дело,дел,дел,деле,дел,деле,делах,дело
ден|1|день
опор|2|опорой,опорой
собра|1|собранными
могуществ|1|могущества
доверя|1|доверять
полност|2|полностью,полностью
противодействова|1|противодействовать
евразэс|2|евразэс,евразэс
беспрецедентн|1|беспрецедентным
шанс|1|шанс
можн|4|можно,можно,можно,можно
т|9|т,т,т,т,т,т,т,т,т
помим|1|помимо
ноябр|1|ноября
совместн|2|совместными,совместно
лидир|1|лидирующих
может|6|может,может,может,может,может,может
евросоюз|2|евросоюз,евросоюзом
невозможн|1|невозможностью
внедрен|1|внедрение
искусств|1|искусстве
инвестиц|1|инвестиции
крупн|4|крупным,крупнейшие,крупных,крупными
дет|3|дети,детей,дети
инновац|2|инновации,инноваций
втор|10|вторая,вторая,вторых,второе,второе,вторых,второе,второе,второй,вторых
энергетическ|1|энергетический
общероссийск|1|общероссийский
тенденц|1|тенденций
евроатлантическ|1|евроатлантическом
значительн|7|значительные,значительного,значительной,значительно,значительно,значительную,значительной
подавлен|1|подавление
выход|1|выходить
момент|1|момента
со|9|со,со,со,со,со,со,со,со,со
рассмотрен|3|рассмотрении,рассмотрением,рассмотрения
благосостоян|2|благосостояние,благосостояние
сч|4|сч,сч,сч,сч
конституц|23|конституции,конституцию,конституции,конституция,конституции,конституции,конституции,конституция,конституцией,конституцией,конституция,конституций,конституция,конституции,конституцией,конституции,конституция,конституции,конституции,конституции,конституции,конституции,конституцией
вам|4|вам,вами,вам,вами
глубок|3|глубокой,глубокая,глубоко
уйт|1|уйти
наращива|2|наращивать,наращивать
окол|1|около
гражданствен|2|гражданственность,гражданственность
васил|1|василия
утверд|1|утвердил
ровесник|1|ровесники
идеальн|2|идеальное,идеальные
перераспределен|1|перераспределения
программ|9|программу,программ,программ,программе,программу,программам,программа,программы,программе
перечн|1|перечни
направлен|6|направлении,направленные,направленности,направлений,направлений,направление
проверя|1|проверяться
регламент|1|регламенты
товар|1|товаров
котор|32|которым,которых,которыми,которых,которых,которое,которой,которому,которого,которого,который,которые,который,которые,которым,которые,которых,которых,которыми,которая,которые,которые,которые,которые,которая,которые,которые,которые,которые,который,которые,которые
ког|1|кого
предпринимательств|2|предпринимательства,предпринимательства
неприкосновен|1|неприкосновенны
ускор|1|ускорить
обязательн|6|обязательности,обязательное,обязательно,обязательного,обязательном,обязательных
наде|1|надеемся
необоснова|2|необоснованные,необоснованно
разжига|1|разжигать
подготовк|2|подготовки,подготовка
тольк|22|только,только,только,только,только,только,только,только,только,только,только,только,только,только,только,только,только,только,только,только,только,только
чп|1|чп
межд|6|между,между,между,между,между,между
естествен|4|естественно,естественно,естественно,естественно
америк|4|америки,америки,америки,америке
проблемн|1|проблемные
откровен|3|откровенно,откровенно,откровенного
сегодн|17|сегодня,сегодня,сегодня,сегодня,сегодня,сегодня,сегодня,сегодня,сегодня,сегодня,сегодня,сегодня,сегодня,сегодня,сегодня,сегодня,сегодня
коллег|4|коллеги,коллеги,коллеги,коллеги
последовательн|2|последовательно,последовательно
управля|2|управлять,управлять
хаос|2|хаосом,хаосом
спонсирова|1|спонсировал
республик|4|республики,республики,республик,республики
кстат|5|кстати,кстати,кстати,кстати,кстати
устраня|1|устранять
заявлен|3|заявленной,заявленное,заявленные
диверсифицирова|1|диверсифицированные
представлен|3|представление,представление,представление
ртых|1|ртых
распределя|1|распределяться
реал|1|реалиям
институт|20|институтов,институтов,институтов,институты,институты,институтов,институтов,институтов,институтов,институты,институты,институтам,институты,институтов,института,институтов,институтов,институты,институтов,институты
стоимост|1|стоимости
сбалансирован|1|сбалансированность
искандер|1|искандер
движен|2|движения,движение
повыша|2|повышать,повышаются
укорен|2|укоренившихся,укорениться
введен|3|введению,введение,введения
прагматичн|3|прагматично,прагматичной,прагматично
педагог|3|педагогов,педагоги,педагоги
пример|2|примеры,пример
содействова|4|содействовать,содействовать,содействовать,содействовать
предусмотр|2|предусмотрев,предусмотрено
свободн|14|свободных,свободное,свободной,свободной,свободному,свободной,свободное,свободных,свободна,свободного,свободного,свободный,свободное,свободной
тромб|1|тромбы
поставлен|1|поставленным
телевиден|1|телевидения
удовлетвор|1|удовлетворить
потеря|1|потерять
допуск|1|допуская
информац|4|информации,информации,информацию,информации
архитектур|5|архитектуры,архитектуры,архитектура,архитектуры,архитектуры
стран|33|стране,стране,стран,странами,страна,страны,страну,страной,страны,страны,страной,страны,страной,страной,стране,страны,страны,страны,стран,страна,страны,страны,стран,страны,стран,страны,стране,стран,страны,странами,странами,страны,стране
процент|2|процентов,процентов
конкретизирова|1|конкретизировать
самм|1|саммите
союз|1|союза
параметр|2|параметры,параметры
принима|3|принимать,принимать,принимались
выработа|1|выработанных
выработк|1|выработка
примен|1|применить
передач|2|передачу,передачи
обязательств|5|обязательства,обязательства,обязательства,обязательства,обязательства
имуществен|1|имущественным
интерес|13|интересами,интересы,интересов,интересах,интересов,интересами,интересы,интересы,интересах,интересы,интересах,интересы,интерес
российск|29|российских,российской,российского,российская,российской,российской,российской,российской,российское,российская,российская,российская,российской,российской,российской,российского,российской,российских,российское,российских,российской,российского,российская,российских,российско,российской,российском,российской,российских
нагнета|1|нагнетаемая
отч|1|отч
общеизвестн|1|общеизвестны
монопол|1|монополия
сильн|6|сильна,сильными,сильной,сильное,сильных,сильных
минимизир|1|минимизирующий
осваива|2|осваиваются,осваивать
предельн|2|предельно,предельно
применительн|1|применительно
медвед|1|медведев
разыскн|1|разыскных
трезв|2|трезвом,трезво
прочн|3|прочной,прочнее,прочной
одновремен|3|одновременно,одновременно,одновременно
дошл|1|дошли
времен|3|временем,времени,времени
юбилейн|1|юбилейной
внутрен|2|внутренней,внутренних
духовн|1|духовно
зарплат|1|зарплат
всегд|3|всегда,всегда,всегда
абстрактн|2|абстрактные,абстрактные
перевооружа|1|перевооружаются
объявл|1|объявлю
непрост|3|непросто,непростые,непростой
передн|1|переднем
школ|13|школы,школа,школе,школе,школах,школ,школ,школе,школа,школе,школ,школе,школе
переда|1|передает
не|97|не,не,не,не,не,не,не,не,не,не,не,не,не,не,не,не,не,не,не,не,не,не,не,не,не,не,не,не,не,не,не,не,не,не,не,не,не,не,не,не,не,не,не,не,не,не,не,не,не,не,не,не,не,не,не,не,не,не,не,не,не,не,не,не,не,не,не,не,не,не,не,не,не,не,не,не,не,не,не,не,не,не,не,не,не,не,не,не,не,не,не,не,не,не,не,не,не
стимул|1|стимулов
имет|3|иметь,иметь,иметь
на|96|на,на,на,на,на,на,на,на,на,на,на,на,на,на,на,на,на,на,на,на,на,на,на,на,на,на,на,на,на,на,на,на,на,на,на,на,на,на,на,на,на,на,на,на,на,на,на,на,на,на,на,на,на,на,на,на,на,на,на,на,на,на,на,на,на,на,на,на,на,на,на,на,на,на,на,на,на,на,на,на,на,на,на,на,на,на,на,на,на,на,на,на,на,на,на,на
радикальн|1|радикально
желан|1|желанием
огромн|3|огромную,огромная,огромная
управлен|2|управления,управления
софинансирован|1|софинансирования
сохран|2|сохранить,сохранить
фигур|1|фигурой
расч|2|расч,расч
способн|11|способную,способности,способность,способные,способный,способные,способности,способных,способности,способным,способным
все|13|всей,всей,всей,всей,все,все,все,все,всей,всей,все,всей,всей
правопорядок|1|правопорядок
кажд|11|каждого,каждого,каждый,каждого,каждого,каждого,каждого,каждого,каждому,каждому,каждый
межнациональн|3|межнациональный,межнациональную,межнациональный
исход|2|исходя,исходя
комплектован|1|комплектования
противореч|1|противоречие
вмешива|1|вмешивается
образовательн|5|образовательной,образовательная,образовательных,образовательного,образовательные
смертельн|1|смертельно
дивиз|2|дивизии,дивизию
выполня|4|выполнять,выполнять,выполнять,выполнять
имен|13|именно,именно,именно,именно,имени,именно,имени,именно,именно,именно,именно,именно,именно
зач|1|зачем
приговор|1|приговорили
административн|4|административного,административного,административную,административная
доказа|4|доказал,доказала,доказали,доказали
никола|1|николай
различн|3|различные,различных,различных
инфраструктур|1|инфраструктура
течен|1|течение
мощн|2|мощной,мощный
квалификац|1|квалификации
оценк|3|оценки,оценки,оценки
сказа|11|сказать,сказать,сказал,сказали,сказать,сказать,сказать,сказал,сказать,сказать,сказал
кавказск|2|кавказском,кавказский
слишк|1|слишком
коркун|1|коркунов
сведен|4|сведения,сведений,сведений,сведения
модернизирова|1|модернизировать
нестабильн|1|нестабильности
логик|1|логика
реализац|9|реализация,реализацией,реализация,реализацию,реализация,реализация,реализацией,реализации,реализацию
тем|18|тем,тем,темах,тема,тема,тем,тем,тем,тем,темы,тем,тем,тем,тем,тем,тем,тему,тем
д|3|д,д,д
рто|5|ртое,ртое,ртое,ртое,ртое
возросл|1|возросло
адекватн|1|адекватное
увелич|2|увеличить,увеличилась
хорош|3|хорошо,хорошим,хорошее
тех|2|тех,тех
замедлен|1|замедление
вмест|7|вместе,вместе,вместе,вместе,вместе,вместе,вместе
гражданин|3|гражданин,гражданина,гражданин
послан|2|послание,послании
требуем|1|требуемых
грех|1|греха
согласн|2|согласно,согласно
извлеч|1|извлечь
избавлен|1|избавления
ил|10|или,или,или,или,или,или,или,или,или,или
значен|4|значение,значению,значение,значения
им|5|имею,им,им,им,им
из|23|из,из,из,из,из,из,из,из,из,из,из,из,из,из,из,из,из,из,из,из,из,из,из
ид|4|ид,ид,ид,ид
чеченск|1|чеченской
враг|1|враг
поток|1|поток
регион|10|регионе,региона,регионе,регионами,регионам,регионов,регионах,регионах,региона,региона
устанавлива|2|устанавливает,устанавливается
подготовлен|1|подготовленной
два|1|два
две|1|две
потащ|1|потащила
подтвержда|1|подтверждает
инд|1|индией
врач|2|врачей,врача
дор|3|дорого,дорого,дорого
везд|1|везде
надежд|1|надежд
ключев|3|ключевых,ключевая,ключевое
могл|2|могли,могло
активизац|1|активизация
развит|28|развития,развитых,развитие,развития,развития,развитие,развития,развития,развитие,развития,развитию,развития,развитии,развитии,развития,развитию,развития,развития,развития,развития,развитию,развитии,развитию,развитие,развития,развития,развитие,развития
быт|24|быть,быть,быть,быть,быть,быть,быть,быть,быть,быть,быть,быть,быть,быть,быть,быть,быть,быть,быть,быть,быть,быть,быть,быть
переход|3|перехода,переход,переход
отстраня|1|отстранять
осн|2|основ,основ
последств|3|последствия,последствий,последствия
терпя|1|терпящего
конституцион|9|конституционный,конституционные,конституционную,конституционных,конституционной,конституционного,конституционный,конституционных,конституционный
модернизац|1|модернизации
отвод|1|отводят
новац|3|новациями,новации,новаций
признак|1|признаках
разговор|1|разговор
спасиб|1|спасибо
надлеж|1|надлежит
депутат|4|депутаты,депутатов,депутатов,депутаты
рожден|1|рождения
освобод|1|освободить
предприят|4|предприятия,предприятий,предприятия,предприятий
обяза|4|обязаны,обязаны,обязаны,обязаны
провод|1|проводят
восстанавлива|1|восстанавливать
остальн|1|остального
широк|1|широкое
был|14|было,был,были,было,было,было,было,было,был,был,была,были,были,было
вероисповедан|1|вероисповедания
самопровозглаш|1|самопровозглаш
безнравствен|1|безнравственность
европ|4|европе,европе,европе,европой
эмиссион|1|эмиссионных
юридическ|3|юридические,юридических,юридического
ракетн|3|ракетных,ракетной,ракетный
таков|3|таковы,таковы,таковы
переносн|1|переносном
обманыва|1|обманывать
выдвига|1|выдвигать
самостоятельн|6|самостоятельность,самостоятельных,самостоятельную,самостоятельности,самостоятельными,самостоятельной
произошл|2|произошло,произошли
младш|1|младших
прид|2|прид,прида
е|23|е,е,е,ею,е,е,е,е,е,е,е,е,е,е,е,е,е,е,е,е,е,е,е
голос|4|голоса,голосов,голосов,голосов
выстраиван|1|выстраивании
бол|13|более,более,более,более,более,более,более,более,более,более,более,более,более
молод|2|молодых,молодым
граждан|8|граждане,гражданами,граждане,гражданам,граждане,граждане,гражданам,граждане
становлен|4|становлении,становления,становлении,становления
восприят|1|восприятия
подчеркн|4|подчеркну,подчеркну,подчеркну,подчеркну
соотнос|2|соотносить,соотносить
проект|2|проекта,проекта
флот|3|флот,флота,флота
рдо|1|рдо
аргумент|1|аргументы
отстаива|2|отстаивать,отстаивать
созда|9|создаются,создать,создавшем,создать,созданные,создавшие,создают,создать,создать
содружеств|2|содружества,содружества
цхинва|2|цхинвала,цхинвала
суверенитет|1|суверенитет
ускорен|1|ускоренного
урегулирован|4|урегулирования,урегулированию,урегулирование,урегулирования
правя|1|правящий
блокир|1|блокирующие
поиск|2|поиск,поиска
передов|5|передовые,передовой,передовой,передовых,передовому
влеч|1|влечь
дееспособн|1|дееспособность
деньг|2|деньги,деньги
слуша|1|слушать
культ|1|культ
а|44|а,а,а,а,а,а,а,а,а,а,а,а,а,а,а,а,а,а,а,а,а,а,а,а,а,а,а,а,а,а,а,а,а,а,а,а,а,а,а,а,а,а,а,а
ассоциир|1|ассоциируется
вернут|1|вернуться
вот|1|вот
столов|1|столовых
недавн|5|недавнего,недавно,недавно,недавно,недавно
парламентск|3|парламентские,парламентскую,парламентские
пенсион|9|пенсионного,пенсионного,пенсионная,пенсионного,пенсионном,пенсионного,пенсионного,пенсионных,пенсионном
зуд|1|зуд
совс|2|совсем,совсем
но|36|но,но,но,но,но,но,но,но,но,но,но,но,но,но,но,но,но,но,но,но,но,но,но,но,но,но,но,но,но,но,но,но,но,но,но,но
форсирова|1|форсировал
ни|10|ни,ни,ни,ни,ни,ни,ни,ни,ни,ни
строг|2|строги,строгого
отм|1|отмен
близк|1|близком
терроризм|1|терроризмом
л|2|л,л
президентск|1|президентскую
соответствующ|1|соответствующая
судопроизводств|2|судопроизводства,судопроизводство
собствен|10|собственном,собственного,собственного,собственно,собственность,собственных,собственность,собственной,собственности,собственно
европейск|4|европейской,европейских,европейской,европейских
раскрыт|1|раскрытия
честност|1|честность
прим|1|примен
оседл|1|оседлости
функц|4|функций,функции,функции,функции
авантюр|1|авантюра
многонациональн|2|многонационального,многонациональной
импульс|1|импульс
очевидн|2|очевидные,очевидно
трудност|4|трудностям,трудностями,трудностям,трудности
станут|2|станут,станут
привел|1|привело
прост|10|просто,просто,просто,просто,просто,просто,просто,простой,просто,просто
могут|2|могут,могут
просч|1|просч
профессиональн|4|профессиональной,профессиональных,профессиональных,профессиональным
главн|10|главное,главное,главная,главных,главное,главным,главный,главное,главное,главной
власт|23|власти,власти,власти,власти,власти,власти,власти,власти,власти,власти,власти,власти,власти,власти,власти,власти,власти,власти,власти,власти,власти,власти,власти
талантлив|3|талантливых,талантливых,талантливых
прич|5|прич,прич,прич,прич,прич
концепц|2|концепции,концепции
сложност|1|сложность
поддержк|5|поддержке,поддержки,поддержка,поддержки,поддержки
должност|2|должность,должности
платн|1|платных
откат|1|откатились
руководя|2|руководящего,руководящую
миграцион|1|миграционных
рассужден|1|рассуждения
план|5|планов,планов,планы,план,планов
глобальн|13|глобальный,глобального,глобальный,глобальных,глобального,глобальном,глобальному,глобальной,глобальной,глобальной,глобальной,глобальные,глобальное
нов|44|новое,новой,новых,новые,новых,новых,новые,новых,нового,новой,новом,новая,новой,нового,новый,нового,новые,новых,новых,новая,нового,новым,новая,новое,новым,новые,новые,новые,новой,новую,новым,новых,новые,новой,новой,новые,новых,новая,новой,новых,новых,новых,новые,новой
корректировк|1|корректировке
уголовн|2|уголовную,уголовного
ошибочн|1|ошибочные
отношен|12|отношений,отношении,отношении,отношения,отношений,отношениях,отношения,отношений,отношения,отношений,отношений,отношений
опыт|2|опыта,опыта
опасн|5|опасные,опасным,опасным,опасна,опасной
помогл|1|помогли
обостря|1|обострять
стко|1|сткой
общепризна|2|общепризнанные,общепризнанные
следств|1|следствием
занят|2|занятий,занятий
безудержн|1|безудержное
откаж|1|откажемся
оздоровлен|1|оздоровлению
повышен|10|повышению,повышения,повышение,повышению,повышения,повышения,повышении,повышении,повышение,повышение
слаб|1|слабо
добр|1|добра
зде|4|здесь,здесь,здесь,здесь
реализуем|1|реализуемая
август|2|августа,августа
кабинет|1|кабинетов
занима|6|занимались,занимались,занимать,заниматься,заниматься,занимаемся
солидарн|2|солидарно,солидарность
развива|3|развиваться,развивать,развивается
союзн|1|союзного
уважительн|1|уважительно
объявлен|1|объявлении
отдельн|3|отдельных,отдельный,отдельным
авторитет|2|авторитетом,авторитет
брик|2|брик,брик
сто|1|стоит
боев|2|боевой,боевого
защищ|1|защищена
пода|1|подали
защит|9|защита,защиты,защиты,защиты,защиту,защиты,защиту,защитить,защита
люд|23|людей,людей,людей,людей,людей,людей,людей,люди,людей,людей,людей,людей,людей,людям,людей,людей,людей,люди,люди,люди,людям,людям,людей
люб|6|любить,любых,любым,любые,любых,любое
интеллект|1|интеллект
пришл|1|пришли
попытк|1|попытки
сам|37|само,самой,самом,самом,самых,самого,самые,самое,самого,сама,самый,самый,самый,сам,сам,сам,самое,самом,самих,самой,самой,сам,самых,сами,сам,самое,самого,самой,самому,самый,самого,самые,саму,самого,самый,самых,самые
обознач|1|обозначить
угроз|3|угрозой,угроз,угрозы
горд|1|гордиться
продукт|1|продукт
парламент|3|парламентов,парламенту,парламентом
приня|7|приняло,принять,принять,принять,принял,приняли,принять
разнообразн|2|разнообразных,разнообразна
ту|1|ту
западн|1|западного
сверх|1|сверху
яв|1|явилось
декларируем|1|декларируемых
поруч|1|поручил
возникш|1|возникшее
преимуществ|3|преимущества,преимущества,преимуществ
даж|2|даже,даже
получател|1|получателей
дав|1|давит
медлен|1|медленно
базирова|1|базироваться
дал|1|далее
дат|3|дате,дать,дать
ввод|4|ввода,вводятся,вводится,вводят
порожда|1|порождает
групп|2|группа,группы
регулирован|1|регулирования
деградац|1|деградацией
жела|1|желать
негосударствен|1|негосударственных
потребн|1|потребностям
прежн|2|прежнему,прежние
те|3|те,те,те
та|2|таить,та
тв|1|тв
выстро|1|выстроена
то|28|то,то,то,то,то,то,то,то,то,то,то,то,то,то,то,то,то,то,то,то,то,то,то,то,то,то,то,то
помех|1|помеха
выступа|1|выступаем
формирован|13|формирования,формирования,формирования,формирование,формирование,формирования,формирования,формировании,формирования,формированием,формирование,формирования,формирования
компьютер|2|компьютером,компьютерами
залог|2|залога,залога
застрахова|1|застрахованных
демократ|8|демократии,демократии,демократии,демократия,демократии,демократии,демократии,демократии
объективн|2|объективность,объективной
вооружен|3|вооружений,вооружениями,вооружениями
польз|3|пользу,пользы,пользу
ч|6|ч,ч,ч,ч,ч,ч
гибк|1|гибко
прогресс|1|прогресс
внест|2|внести,внести
образн|1|образно
защища|3|защищать,защищать,защищать
реализова|4|реализовать,реализовать,реализована,реализован
несмотр|4|несмотря,несмотря,несмотря,несмотря
благополуч|1|благополучие
настойчив|1|настойчиво
обстоятельств|2|обстоятельствах,обстоятельствах
текущ|4|текущего,текущей,текущего,текущей
дует|1|дует
держ|1|держится
исполнительн|7|исполнительной,исполнительной,исполнительной,исполнительной,исполнительной,исполнительной,исполнительной
выстрада|1|выстраданных
нны|2|нные,нные
заявк|1|заявки
вовс|1|вовсе
машиностроен|1|машиностроение
нну|2|нную,нную
заложен|1|заложенного
приход|2|приходу,приходится
представл|1|представлены
конструкц|1|конструкции
возраст|2|возраста,возрасте
в|271|в,в,в,в,в,в,в,в,в,в,в,в,в,в,в,в,в,в,в,в,в,в,в,в,в,в,в,в,в,в,в,в,в,в,в,в,в,в,в,в,в,в,в,в,в,в,в,в,в,в,в,в,в,в,в,в,в,в,в,в,в,в,в,в,в,в,в,в,в,в,в,в,в,в,в,в,в,в,в,в,в,в,в,в,в,в,в,в,в,в,в,в,в,в,в,в,в,в,в,в,в,в,в,в,в,в,в,в,в,в,в,в,в,в,в,в,в,в,в,в,в,в,в,в,в,в,в,в,в,в,в,в,в,в,в,в,в,в,в,в,в,в,в,в,в,в,в,в,в,в,в,в,в,в,в,в,в,в,в,в,в,в,в,в,в,в,в,в,в,в,в,в,в,в,в,в,в,в,в,в,в,в,в,в,в,в,в,в,в,в,в,в,в,в,в,в,в,в,в,в,в,в,в,в,в,в,в,в,в,в,в,в,в,в,в,в,в,в,в,в,в,в,в,в,в,в,в,в,в,в,в,в,в,в,в,в,в,в,в,в,в,в,в,в,в,в,в,в,в,в,в,в,в,в,в,в,в,в,в,в,в,в,в,в,в,в,в,в,в,в,в
росс|42|россии,россии,россии,россия,россия,россии,россию,россией,россия,россии,россии,россии,россии,россии,россии,россии,россии,россия,россии,россии,россии,россию,россии,россия,россии,россию,россии,россии,россии,россии,россии,россии,россии,россией,россию,россии,россией,россию,россии,россии,россией,россии
рост|7|ростом,роста,роста,роста,рост,росте,рост
конкурентоспособн|3|конкурентоспособности,конкурентоспособности,конкурентоспособной
подготов|3|подготовить,подготовиться,подготовили
очен|6|очень,очень,очень,очень,очень,очень
морал|1|мораль
поблагодар|1|поблагодарить
списк|1|списки
разумн|1|разумные
повседневн|1|повседневной
воспринима|1|воспринимался
сист|9|систем,систему,систему,систему,систему,систему,систему,систем,систему
рубл|5|рубль,рубля,рублях,рублях,рубль
отказа|2|отказаться,отказавшись
ряд|4|ряд,ряд,ряд,ряд
процвета|2|процветающей,процветающим
нно|3|нное,нное,нной
ответствен|14|ответственность,ответственным,ответственность,ответственности,ответственности,ответственности,ответственность,ответственность,ответственности,ответственности,ответственность,ответственность,ответственно,ответственность
этап|3|этапа,этапе,этапов
зарожда|1|зарождались
нна|1|нная
впер|2|впер,впер
сегодняшн|3|сегодняшний,сегодняшней,сегодняшняя
противн|1|противном
деятельн|15|деятельности,деятельности,деятельности,деятельности,деятельности,деятельность,деятельности,деятельности,деятельности,деятельности,деятельности,деятельности,деятельности,деятельности,деятельным
просветительск|1|просветительских
конвенц|1|конвенции
состоятельн|1|состоятельность
присмотр|1|присмотра
конструирован|1|конструирование
жив|2|жив,жив
мобильн|1|мобильности
каса|3|касается,касается,касается
выросл|1|выросла
имеющ|5|имеющие,имеющие,имеющие,имеющихся,имеющихся
нибуд|2|нибудь,нибудь
имеют|1|имеют
основа|2|основанным,основан
никт|1|никто
сообществ|4|сообщества,сообществом,сообществом,сообщества
цен|1|ценных
цел|18|целых,цели,цели,целей,цели,целый,целый,целом,целом,целом,целям,целом,целях,целого,целом,цель,цели,целью
быстр|2|быстро,быстрого
основн|11|основных,основного,основного,основном,основную,основного,основных,основной,основной,основных,основного
начин|1|начиная
орга|7|органы,органы,органы,органы,органы,органы,органы
готов|4|готова,готовы,готовы,готовы
мир|16|мире,мира,мир,мир,мире,мире,мире,мир,мире,мире,миру,мире,миром,мира,мира,мире
управленческ|3|управленческие,управленческих,управленческий
конъюнктур|1|конъюнктуры
минимизац|1|минимизации
соглас|2|согласятся,согласия
этот|4|этот,этот,этот,этот
жалоб|1|жалоб
родител|1|родителей
сотруднича|1|сотрудничать
изуч|1|изучить
расширен|2|расширение,расширение
розн|1|рознь
модел|2|модели,модель
отда|1|отдали
черт|1|черты
впечатлен|1|впечатление
стройн|1|стройной
недостаточн|1|недостаточной
конкурс|1|конкурсов
и|435|и,и,и,и,и,и,и,и,и,и,и,и,и,и,и,и,и,и,и,и,и,и,и,и,и,и,и,и,и,и,и,и,и,и,и,и,и,и,и,и,и,и,и,и,и,и,и,и,и,и,и,и,и,и,и,и,и,и,и,и,и,и,и,и,и,и,и,и,и,и,и,и,и,и,и,и,и,и,и,и,и,и,и,и,и,и,и,и,и,и,и,и,и,и,и,и,и,и,и,и,и,и,и,и,и,и,и,и,и,и,и,и,и,и,и,и,и,и,и,и,и,и,и,и,и,и,и,и,и,и,и,и,и,и,и,и,и,и,и,и,и,и,и,и,и,и,и,и,и,и,и,и,и,и,и,и,и,и,и,и,и,и,и,и,и,и,и,и,и,и,и,и,и,и,и,и,и,и,и,и,и,и,и,и,и,и,и,и,и,и,и,и,и,и,и,и,и,и,и,и,и,и,и,и,и,и,и,и,и,и,и,и,и,и,и,и,и,и,и,и,и,и,и,и,и,и,и,и,и,и,и,и,и,и,и,и,и,и,и,и,и,и,и,и,и,и,и,и,и,и,и,и,и,и,и,и,и,и,и,и,и,и,и,и,и,и,и,и,и,и,и,и,и,и,и,и,и,и,и,и,и,и,и,и,и,и,и,и,и,и,и,и,и,и,и,и,и,и,и,и,и,и,и,и,и,и,и,и,и,и,и,и,и,и,и,и,и,и,и,и,и,и,и,и,и,и,и,и,и,и,и,и,и,и,и,и,и,и,и,и,и,и,и,и,и,и,и,и,и,и,и,и,и,и,и,и,и,и,и,и,и,и,и,и,и,и,и,и,и,и,и,и,и,и,и,и,и,и,и,и,и,и,и,и,и,и,и,и,и,и,и,и,и,и,и,и,и,и,и,и,и,и,и,и,и,и,и,и,и,и,и,и,и,и,и,и,и,и,и,и,и,и,и,и,и,и,и,и,и,и,и,и,и,и,и
настоя|4|настоящее,настоящую,настоящему,настоящие
разноглас|1|разногласий
бесперебойн|1|бесперебойно
должн|47|должно,должны,должны,должна,должны,должны,должна,должно,должны,должно,должно,должны,должно,должны,должно,должны,должна,должны,должны,должно,должна,должны,должны,должно,должны,должны,должна,должно,должно,должны,должно,должна,должны,должны,должно,должны,должна,должно,должны,должно,должно,должны,должны,должна,должна,должны,должны
сотрудник|1|сотрудников
человек|17|человека,человека,человека,человека,человек,человека,человек,человека,человеку,человек,человека,человека,человека,человека,человека,человеку,человек
переходн|2|переходный,переходный
фон|1|фоне
самонадеян|1|самонадеянность
обольща|1|обольщаться
добровольн|2|добровольное,добровольных
стимулирован|1|стимулирования
девят|1|девятое
определ|9|определ,определ,определ,определ,определ,определиться,определ,определить,определены
отлич|1|отличие
сотрудничеств|4|сотрудничество,сотрудничество,сотрудничества,сотрудничеству
выгляд|1|выглядит
неотъемлем|1|неотъемлемая
контракт|1|контрактов
прям|8|прямом,прямо,прямо,прямо,прямо,прямом,прямом,прямо
состоя|1|состоялся
обсуд|1|обсудить
локальн|2|локальная,локальное
консолидирова|1|консолидироваться
след|8|следующих,следующих,следует,следует,следует,следует,следующего,следует
оформлен|1|оформление
интеграц|3|интеграции,интеграции,интеграции
пятнадца|1|пятнадцать
возрожден|1|возрождение
варварск|1|варварская
уверен|1|уверенными
хозяйств|2|хозяйство,хозяйство
неумест|1|неуместен
действительн|4|действительно,действительно,действительно,действительно
быва|1|бывало
так|47|таким,так,такой,так,таких,так,такой,такой,такие,таких,так,так,так,так,такая,таким,так,такая,таким,такой,так,так,так,такое,так,такие,такая,таком,такой,так,так,такие,такие,так,такое,так,так,так,такое,так,так,такой,так,такой,таких,такой,такой
там|4|там,там,там,там
абсолютн|4|абсолютно,абсолютно,абсолютно,абсолютно
гонк|1|гонку
эт|133|это,этой,этом,этом,этом,это,это,этого,это,это,это,это,этой,это,этом,эти,этих,этом,это,это,это,этом,это,это,это,это,этому,эти,это,это,это,этой,это,этом,это,эта,эта,это,эта,это,этого,этом,это,этим,эта,это,это,эти,этого,этом,эти,это,этом,это,это,это,эту,этих,эти,эти,эти,эти,это,это,это,это,этой,этом,это,это,этих,этого,этом,этих,этих,этом,это,этими,это,этого,этому,эта,этих,это,это,это,это,это,это,это,это,этого,это,этих,этой,этого,этом,этом,этом,это,этим,это,этом,этой,этих,этой,этого,это,это,этого,этих,этих,эти,эту,эти,этом,этого,это,эти,это,этих,это,этом,этой,этом,этих,этих,это,этом,этого,этом,этом,этом
норм|11|норм,норма,норма,нормой,нормами,норму,норма,нормы,норм,норм,нормы
уважа|9|уважаемые,уважаемые,уважаемые,уважаемые,уважаемые,уважаемые,уважаемой,уважаемые,уважаемые
откладыв|1|откладывая
августовск|1|августовский
прибыва|1|прибывать
имуществ|3|имуществе,имущества,имущества
экономик|19|экономики,экономика,экономики,экономики,экономики,экономики,экономики,экономике,экономике,экономике,экономики,экономики,экономики,экономика,экономике,экономике,экономики,экономику,экономики
состав|3|составить,составу,составить
федерализм|2|федерализма,федерализма
лет|7|лет,лет,лет,лет,лет,лет,лет
противостоя|2|противостоять,противостоять
неурегулирован|1|неурегулированность
сло|1|слоях
утвержда|2|утверждает,утверждал
проповед|1|проповедуют
миллион|3|миллионов,миллионов,миллионов
конц|2|конца,конца
послед|1|последующую
канал|1|каналов
возраста|1|возрастать
дела|4|делает,делаем,делаем,делать
благодарн|1|благодарностью
поэт|16|поэтому,поэтому,поэтому,поэтому,поэтому,поэтому,поэтому,поэтому,поэтому,поэтому,поэтому,поэтому,поэтому,поэтому,поэтому,поэтому
сельск|1|сельское
стабильн|5|стабильное,стабильнее,стабильность,стабильного,стабильного
навык|1|навыки
собира|2|собираюсь,собираемых
недел|1|недель
планирова|1|планировалось
тревожн|1|тревожные
корн|1|корнями
поправк|2|поправки,поправках
кандидатур|2|кандидатурам,кандидатур
денежн|3|денежный,денежные,денежного
зарабатыва|1|зарабатывал
истин|2|истинно,истины
рассчитыва|4|рассчитывают,рассчитывать,рассчитываю,рассчитывают
сопровожден|1|сопровождения
законотворческ|1|законотворческому
поощрен|1|поощрений
репутац|3|репутация,репутацию,репутация
кризис|14|кризис,кризис,кризис,кризисов,кризиса,кризиса,кризиса,кризис,кризисе,кризису,кризис,кризис,кризиса,кризисов
преодолен|2|преодоления,преодоления
миротворц|2|миротворцев,миротворцев
повод|1|поводом
стратег|3|стратегии,стратегия,стратегия
помоч|2|помочь,помочь
отмен|1|отменено
географ|1|география
наказан|2|наказания,наказаний
трагическ|1|трагических
дислоцирова|1|дислоцированной
проведен|1|проведении
территориальн|1|территориальных
восстанов|1|восстановили
очеред|2|очередь,очередь
достич|2|достичь,достичь
поня|1|понять
отмеч|3|отмечу,отмечу,отмечу
сталкива|2|сталкиваться,сталкиваться
отмет|1|отметить
расшир|3|расширить,расширена,расширят
надеет|1|надеется
согласова|1|согласованной
кива|1|кивать
преодолет|1|преодолеть
счита|14|считаю,считаю,считаю,считаю,считаю,считаю,считаю,считаю,считаю,считаю,считаю,считаю,считаем,считаем
индивидуальн|3|индивидуальная,индивидуального,индивидуальный
позитивн|5|позитивный,позитивные,позитивное,позитивных,позитивный
станов|4|становиться,становятся,становится,становиться
внешн|6|внешних,внешним,внешней,внешней,внешней,внешние
реакц|1|реакция
борот|2|бороться,бороться
координатор|1|координатор
взвешен|1|взвешенно
обновлен|2|обновление,обновления
хот|5|хотя,хотим,хотим,хотят,хотят
хоч|5|хочу,хочу,хочу,хочу,хочу
произвол|1|произвола
тупик|1|тупик
взятк|1|взятки
производ|1|производить
закреп|1|закрепит
прокуратур|1|прокуратуры
отрасл|2|отраслях,отрасли
мал|8|малых,малых,малый,малого,малые,малым,малого,малому
вид|2|виду,виде
сокращен|1|сокращению
про|4|про,про,про,про
при|23|при,при,при,при,при,при,при,при,при,при,при,при,при,при,при,при,при,при,при,при,при,при,при
фракц|2|фракции,фракции
родн|1|родному
ухудша|1|ухудшающие
дольш|1|дольше
спорт|1|спортом
очаг|1|очагов
зна|2|знаем,знаю
ход|2|ходе,ходе
возникновен|1|возникновение
режим|3|режима,режима,режима
соедин|8|соедин,соедин,соедин,соедин,соедин,соедин,соедин,соедин
советск|2|советского,советский
област|2|области,области
перечисля|1|перечислять
обучен|2|обучения,обучения
вест|1|вести
препятствова|1|препятствовать
набира|1|набирающий
нельз|6|нельзя,нельзя,нельзя,нельзя,нельзя,нельзя
статистик|1|статистика
ним|2|ним,ним
ник|2|никому,никем
чичерин|1|чичерин
исправл|1|исправлено
гражданств|2|гражданство,гражданства
прав|30|праву,права,правами,права,права,право,право,права,права,праву,прав,правила,прав,права,прав,праве,прав,права,права,права,право,права,права,права,права,правила,права,правила,правом,правил
наибол|4|наиболее,наиболее,наиболее,наиболее
национальн|14|национальном,национальная,национальной,национальных,национальных,национальной,национально,национальный,национального,национальных,национального,национальная,национального,национальные
долговремен|1|долговременной
обыкновен|1|обыкновенно
представительн|4|представительные,представительные,представительных,представительных
я|21|я,я,я,я,я,я,я,я,я,я,я,я,я,я,я,я,я,я,я,я,я
чреват|1|чреваты
возмещен|2|возмещением,возмещения
предлог|1|предлог
ниш|1|ниши
далек|4|далеко,далеко,далек,далеко
нич|1|ничего
них|9|них,них,них,них,них,них,них,них,них
правозащитн|1|правозащитных
политическ|25|политическую,политически,политическое,политические,политическое,политической,политическая,политические,политический,политической,политических,политической,политических,политическую,политической,политическими,политической,политических,политических,политической,политическая,политическая,политическую,политического,политической
затягиван|1|затягиванию
настаива|1|настаивать
завод|1|заводы
проработк|1|проработкой
создан|9|создании,создание,создание,создании,создания,созданию,создания,создания,создания
он|34|они,они,они,они,он,она,оно,она,она,они,они,они,они,она,они,он,он,он,они,оно,она,они,оно,он,он,он,они,они,они,она,она,они,они,они
оп|4|опыт,опыт,опыт,опыт
об|13|об,объ,об,об,об,об,об,об,объ,об,об,об,об
обсужда|2|обсуждаются,обсуждали
продюсер|1|продюсер
организац|17|организаций,организациям,организации,организаций,организаций,организаций,организации,организациях,организации,организацию,организаций,организаций,организаций,организации,организация,организациями,организациями
знан|1|знаний
знал|1|знали
бы|21|бы,бы,бы,бы,бы,бы,бы,бы,бы,бы,бы,бы,бы,бы,бы,бы,бы,бы,бы,бы,бы
встреч|2|встречены,встречу
согласован|1|согласовании
ведущ|4|ведущих,ведущих,ведущих,ведущих
свидетельств|1|свидетельствует
вперв|2|впервые,впервые
к|51|к,к,к,к,к,к,к,к,к,к,к,к,к,к,к,к,к,к,к,к,к,к,к,к,к,к,к,к,к,к,к,к,к,к,к,к,к,к,к,к,к,к,к,к,к,к,к,к,к,к,к
спад|1|спада
проанализирова|1|проанализировать
сожален|3|сожалению,сожалению,сожалению
старш|3|старших,старшем,старшего
нужн|22|нужно,нужно,нужно,нужно,нужно,нужно,нужно,нужно,нужно,нужно,нужно,нужно,нужна,нужно,нужна,нужно,нужно,нужно,нужно,нужно,нужно,нужно
орган|17|органов,органов,органов,органов,органов,органов,органов,органов,органов,органов,органов,органов,органами,органов,органов,органов,органов
образова|1|образовавшиеся
взаимосвяза|1|взаимосвязанного
долг|2|долго,долгом
динамичн|1|динамичнее
долж|8|должен,должен,должен,должен,должен,должен,должен,должен
тормоз|1|тормозит
знач|2|значит,значит
знат|2|знать,знать
продума|1|продуманную
от|30|от,от,от,от,от,от,от,от,от,от,от,от,от,от,от,от,от,от,от,от,от,от,от,от,от,от,от,от,от,от
документ|2|документа,документ
вышеназва|1|вышеназванных
перв|13|первых,первом,первая,первое,первых,первое,первое,первых,первую,первое,первое,первый,первых
инициатив|3|инициативы,инициатива,инициативой
выдвижен|1|выдвижения
патриотизм|1|патриотизм
ротац|1|ротации
использован|8|использование,использованием,использование,использовании,использования,использование,использования,использование
пакет|3|пакет,пакета,пакет
африк|1|африке
творчеств|1|творчеством
требующ|1|требующая
три|2|три,три
обеспечен|8|обеспечения,обеспечения,обеспечении,обеспечения,обеспечения,обеспечения,обеспечении,обеспечения
внима|1|внимали
статус|1|статусом
богат|2|богат,богатейший
навязыван|1|навязывания
образ|11|образом,образом,образ,образом,образом,образуют,образует,образ,образа,образом,образа
фактическ|2|фактически,фактически
позволя|1|позволяющего
моральн|2|моральная,моральных
аспект|1|аспекты
культурн|1|культурному
издател|1|издатель
раньш|1|раньше
чита|1|читать
направ|1|направили
формир|5|формируют,формирует,формирует,формируется,формирующих
одар|1|одар
рус|1|руси
через|1|через
существ|4|существующих,существует,существующих,существующими
применен|3|применения,применения,применение
конфигурац|1|конфигурацию
спортсм|1|спортсмены
иногд|1|иногда
явн|1|явно
утвержден|2|утверждению,утверждение
установл|3|установлен,установлены,установлен
универсальн|1|универсальных
почт|1|почти
призна|1|признаны
объединя|1|объединяющем
где|4|где,где,где,где
абхаз|3|абхазии,абхазии,абхазии
амбиц|1|амбиции
порожд|1|порождены
открыт|4|открытыми,открытие,открытости,открытость
разв|1|разв
отсутств|3|отсутствие,отсутствует,отсутствует
зных|1|зных
рынок|1|рынок
разн|3|разные,разные,разными
курс|1|курса
ограничител|1|ограничителем
взаимовыгодн|1|взаимовыгодному
десят|1|десятое
поколен|6|поколения,поколениям,поколение,поколением,поколении,поколения
трудн|1|труднейших
новост|1|новости
рук|1|руки
важн|11|важнейших,важнее,важнейшие,важных,важно,важнейшая,важно,важно,важнейших,важно,важно
понят|1|понятия
азиатск|1|азиатскими
управленц|1|управленцев
себ|11|себе,себе,себя,себе,себе,себе,себя,себе,себя,себя,себя
единиц|1|единицы
правовед|1|правовед
перспектив|1|перспективе
сем|3|семьи,семей,семье
народн|2|народного,народного
будет|28|будет,будет,будет,будет,будет,будет,будет,будет,будет,будет,будет,будет,будет,будет,будет,будет,будет,будет,будет,будет,будет,будет,будет,будет,будет,будет,будет,будет
высокотехнологичн|1|высокотехнологичном
принцип|7|принципах,принципы,принципы,принципах,принципы,принципы,принципах
коллективн|2|коллективными,коллективного
миграц|3|миграция,миграции,миграции
представля|5|представляющим,представлялись,представляющими,представляющие,представляет
смогут|1|смогут
децентрализац|1|децентрализация
ставш|1|ставшие
укреплен|12|укрепление,укрепления,укрепления,укрепления,укрепления,укрепление,укрепления,укрепление,укреплению,укрепление,укрепления,укрепления
увлекательн|1|увлекательно
неизмен|1|неизменны
цивилизова|2|цивилизовавшем,цивилизованного
зачаст|1|зачастую
сер|11|серь,серь,серь,серь,серь,серь,серь,серь,серь,серь,серь
остроконфликтн|1|остроконфликтными
пропаганд|1|пропаганду
игр|1|игры
министерств|1|министерств
столиц|1|столицы
лучш|8|лучшей,лучших,лучше,лучшем,лучший,лучших,лучшего,лучших
школьн|4|школьном,школьного,школьных,школьный
противоправн|1|противоправные
невыгодн|1|невыгодности
надув|1|надувая
дни|1|дни
неоспорим|1|неоспоримом
столкн|1|столкн
человеческ|2|человеческое,человеческого
побед|2|побед,победы
планет|2|планеты,планете
собран|2|собранию,собрания
полн|8|полную,полном,полному,полное,полной,полной,полной,полной
выступ|1|выступил
требовательн|1|требовательных
ж|1|ж
недобросовестн|1|недобросовестной
характер|1|характер
ингушет|1|ингушетия
прилож|1|приложивших
номер|1|номер
съезд|1|съезде
заключен|2|заключении,заключение
богатств|1|богатство
доказыва|1|доказывать
предвзят|1|предвзятой
взаимоприемлем|1|взаимоприемлемые
заработа|2|заработали,заработать
складыва|2|складывается,складывается
наглядн|1|наглядно
исполня|4|исполняется,исполняют,исполняют,исполнять
ценз|1|ценз
м|15|м,м,м,м,м,м,м,м,м,м,м,м,м,м,м
объединен|3|объединений,объединениях,объединениями
труд|3|труду,труд,труда
федеральн|14|федеральному,федеральном,федеральному,федерального,федеральной,федеральный,федерального,федеральных,федерального,федеральных,федеральные,федеральных,федеральном,федеральный
спасен|1|спасения
препятств|1|препятствий
углубля|1|углублять
усил|3|усилиями,усилий,усилиями
вообщ|4|вообще,вообще,вообще,вообще
сформиру|1|сформируем
общ|9|общие,общее,общая,общее,общую,общих,общего,общих,общей
явля|3|является,являются,является
осет|5|осетии,осетии,осетии,осетии,осетии
продолжительн|1|продолжительность
выходя|1|выходящих
прогрессивн|2|прогрессивной,прогрессивного
запрет|2|запрет,запреты
связа|3|связанной,связанная,связанных
оперативн|2|оперативные,оперативно
возника|1|возникает
техническ|1|технической
взаимодействова|1|взаимодействовать
отрадн|1|отрадно
вступа|1|вступает
легк|2|легко,легко
риск|4|рисков,риски,риски,риска
злоупотреблен|1|злоупотребление
понятн|5|понятные,понятно,понятные,понятно,понятные
материальн|3|материальное,материальных,материально
жизн|22|жизнь,жизнь,жизни,жизни,жизни,жизни,жизнь,жизнь,жизни,жизнь,жизнь,жизнь,жизни,жизни,жизни,жизнь,жизни,жизни,жизни,жизни,жизнь,жизни
формирова|1|формироваться
критер|1|критериев
воен|9|военных,военные,военный,военно,военными,военному,военными,военно,военно
содержан|2|содержание,содержанию
историческ|2|исторический,исторически
реж|1|режим
увидет|1|увидеть
реб|1|реб
навязыва|1|навязываемым
прежд|10|прежде,прежде,прежде,прежде,прежде,прежде,прежде,прежде,прежде,прежде
стол|4|столь,столь,столь,столь
благодар|1|благодаря
врожд|1|врожд
арм|4|армия,армии,армию,армии
реш|2|решены,решить
закрепл|4|закрепл,закрепл,закреплено,закрепл
реч|3|речь,речь,речь
полк|1|полка
сосредоточ|1|сосредоточиться
вниман|8|внимания,внимание,вниманием,внимание,внимание,внимание,внимание,внимания
выверен|1|выверенных
безусловн|2|безусловной,безусловно
подчеркнут|3|подчеркнуть,подчеркнуть,подчеркнуть
внешнеэкономическ|1|внешнеэкономической
разрешен|2|разрешению,разрешению
здравоохранен|4|здравоохранения,здравоохранении,здравоохранения,здравоохранении
дисциплинарн|1|дисциплинарную
исключительн|1|исключительное
должностн|3|должностных,должностных,должностных
легч|1|легче
американск|4|американских,американской,американском,американским
мер|28|меры,меры,меры,меры,мер,меры,меры,меры,меры,меры,мер,меры,меры,мер,меры,меры,мер,мере,мер,мер,мере,мере,мере,мере,мере,мер,меры,мер
наибольш|1|наибольшее
вопрос|23|вопрос,вопрос,вопрос,вопросы,вопросы,вопросы,вопросов,вопросам,вопросы,вопросов,вопросе,вопросах,вопросу,вопрос,вопросы,вопросе,вопросов,вопросами,вопросам,вопросов,вопрос,вопросам,вопросы
действен|5|действенно,действенным,действенную,действенным,действенные
зал|2|зале,залов
всю|2|всю,всю
вся|1|вся
контрольн|1|контрольные
нескольк|3|несколько,несколько,несколько
латинск|1|латинской
укрепля|1|укреплять
морск|1|морского
вниз|1|вниз
включ|3|включ,включая,включая
накоп|1|накопилось
финансов|19|финансовый,финансовый,финансовые,финансовую,финансовые,финансовую,финансовые,финансовую,финансовая,финансовой,финансовая,финансовые,финансовый,финансовых,финансовых,финансовых,финансовых,финансовой,финансовых
восстановлен|1|восстановления
кратк|1|кратко
штат|8|штатов,штатов,штатов,штатами,штатов,штатов,штатов,штаты
предпринят|2|предпринятая,предприняты
услуг|2|услуг,услуг
подход|5|подход,подход,подхода,подход,подход
прикладн|1|прикладную
неуклон|1|неуклонным
проголосова|2|проголосовало,проголосовавшим
положительн|1|положительный
экономист|1|экономиста
протяжен|2|протяжении,протяжении
воцар|1|воцарится
госслужа|1|госслужащим
сохранен|3|сохранению,сохранения,сохранение
изоляц|1|изоляцией
прошл|2|прошлое,прошлого
партийн|1|партийного
народ|15|народов,народе,народа,народ,народов,народом,народа,народ,народу,народа,народов,народа,народа,народов,народом
трет|8|третье,третье,трети,третьих,третье,третье,третье,третья
защ|1|защите
измен|1|измениться
ежегодн|2|ежегодно,ежегодно
мен|1|менее
зат|1|затем
публичн|2|публичными,публичного
вывод|4|выводам,выводов,вывод,вывод
забыва|3|забывать,забывать,забывать
опережен|1|опережение
бумаг|1|бумаг
гражда|22|граждан,граждан,граждан,граждан,граждан,граждан,граждан,граждан,граждан,граждан,граждан,граждан,граждан,граждан,граждан,граждан,граждан,граждан,граждан,граждан,граждан,граждан
пополнен|1|пополнения
кошмар|1|кошмарит
обязыва|2|обязывающие,обязывающую
сектор|2|секторов,сектора
прийт|1|прийти
аморальн|1|аморальны
убедительн|1|убедительны
независим|5|независимость,независимости,независимого,независимый,независимости
инновацион|4|инновационной,инновационной,инновационных,инновационной
принадлеж|1|принадлежит
банк|2|банка,банк
скуп|1|скупиться
соверша|1|совершать
худ|1|худа
доб|3|добиться,добиться,добиться
необход|1|необходим
чехард|1|чехарды
происхожден|1|происхождение
начина|2|начинался,начинаем
усто|1|устои
муниципальн|9|муниципальных,муниципальных,муниципальных,муниципальных,муниципальным,муниципальные,муниципальных,муниципального,муниципальный
заинтересован|1|заинтересованность
ветх|1|ветхой
перед|4|перед,перед,перед,перед
принес|1|принес
стрем|3|стремиться,стремимся,стремятся
распространя|1|распространяется
фактор|2|фактор,фактора
огосударствлен|1|огосударствления
периодическ|1|периодически
жизнен|1|жизненный
до|10|до,до,до,до,до,до,до,до,до,до
видет|2|видеть,видеть
да|6|да,да,да,да,да,да
автоматическ|1|автоматически
объедин|1|объедин
тысячелетн|1|тысячелетней
цензурирова|1|цензурировать
работа|3|работать,работает,работающий
опек|1|опеки
виден|1|видение
обновл|1|обновл
способ|2|способах,способа
капита|1|капитал
кром|7|кроме,кроме,кроме,кроме,кроме,кроме,кроме
принципиальн|2|принципиальном,принципиальные
нейтрализац|1|нейтрализации
нападен|1|нападение
крайн|1|крайне
отступ|1|отступим
заинтересова|4|заинтересованными,заинтересованное,заинтересованными,заинтересованными
бюрократ|3|бюрократия,бюрократия,бюрократия
присутств|1|присутствуют
ко|1|ко
гарантирова|4|гарантированы,гарантировать,гарантированно,гарантировало
спокойн|1|спокойно
соответствова|2|соответствовать,соответствовать
исполнен|3|исполнение,исполнения,исполнение
нагрузк|1|нагрузка
бессил|1|бессилием
всесильн|1|всесильная
научн|1|научные
настроен|1|настроенных
интеллектуальн|1|интеллектуальная
нных|12|нных,нных,нных,нных,нных,нных,нных,нных,нных,нных,нных,нных
повлеч|1|повлеч
резк|2|резко,резкие
нным|1|нными
минимизирова|1|минимизировать
снят|1|снять
фундаментальн|6|фундаментальных,фундаментальные,фундаментальные,фундаментально,фундаментальную,фундаментальных
партн|7|партн,партн,партн,партн,партн,партн,партн
сформулирова|2|сформулированные,сформулированы
испытан|1|испытанием
друг|20|другими,другими,другим,другому,другой,других,другой,другие,других,других,другие,других,других,другие,других,других,других,другие,другими,другими
ущемлен|1|ущемление
друз|2|друзья,друзья
кто|9|кто,кто,кто,кто,кто,кто,кто,кто,кто
всеобщ|1|всеобщими
антикризисн|2|антикризисные,антикризисных
достоинств|3|достоинство,достоинство,достоинство
бухгалтерск|1|бухгалтерского
остановл|1|остановлюсь
представ|3|представить,представить,представить
компан|2|компаний,компаниям
поруча|2|поручаю,поручаю
чувств|2|чувством,чувствуется
перезрел|1|перезрел
напряж|2|напряж,напряж
побежда|2|побеждать,побеждать
набор|1|набор
атэс|1|атэс
снов|2|снова,снова
нынешн|2|нынешний,нынешней
позиц|5|позиций,позиций,позиция,позиции,позиций
мандат|2|мандата,мандаты
безработиц|1|безработица
оглядыва|1|оглядываются
пострада|1|пострадавших
процедур|4|процедур,процедуры,процедуру,процедуры
требова|1|требовать
добровольческ|1|добровольческих
толерантн|1|толерантности
чиновник|2|чиновников,чиновник
мигрант|1|мигрантов
созд|1|созда
капитал|1|капиталу
что|74|что,что,что,что,что,что,что,что,что,что,что,что,что,что,что,что,что,что,что,что,что,что,что,что,что,что,что,что,что,что,что,что,что,что,что,что,что,что,что,что,что,что,что,что,что,что,что,что,что,что,что,что,что,что,что,что,что,что,что,что,что,что,что,что,что,что,что,что,что,что,что,что,что,что
скольк|4|сколько,сколько,сколько,сколько
планир|1|планирует
буд|13|будем,буду,буду,будем,будем,будем,будем,будем,будем,будем,будем,будем,будем
век|3|века,веков,веков
леонтьев|1|леонтьева
миротворческ|1|миротворческие
подлин|1|подлинно
вед|2|ведь,ведь
жно|1|жно
жительств|1|жительства
зным|3|зным,зными,зными
облада|1|обладают
детальн|1|детально
культур|7|культуру,культур,культуре,культуры,культура,культур,культуры
откр|1|открыть
о|33|о,о,о,о,о,о,о,о,о,о,о,о,о,о,о,о,о,о,о,о,о,о,о,о,о,о,о,о,о,о,о,о,о
ведомств|1|ведомств
оснащен|1|оснащения
затрагива|3|затрагивающих,затрагивающих,затрагивали
стимулирова|1|стимулировать
правоохранительн|2|правоохранительных,правоохранительная
дум|14|думе,думу,думу,думу,думу,думе,думы,думы,думы,думе,думы,думу,думу,думе
вещ|3|вещи,вещи,вещи
вер|1|вера
нарушен|1|нарушении
накоплен|1|накоплений
самоуправлен|12|самоуправления,самоуправлению,самоуправления,самоуправления,самоуправления,самоуправления,самоуправления,самоуправления,самоуправление,самоуправления,самоуправления,самоуправления
настр|1|настрой
сохраня|2|сохраняются,сохранять
высш|3|высшей,высшей,высшей
действова|8|действовать,действовали,действовать,действовать,действовать,действовать,действовать,действовать
сдела|11|сделали,сделаем,сделано,сделал,сделаю,сделаем,сделать,сделан,сделать,сделать,сделать
силов|1|силовые
неблагоприятн|1|неблагоприятных
ест|17|есть,есть,есть,есть,есть,есть,есть,есть,есть,есть,есть,есть,есть,есть,есть,есть,есть
спровоцирова|1|спровоцировать
региональн|10|региональных,региональных,региональных,регионального,региональными,региональные,региональный,региональных,региональными,региональных
энерг|1|энергия
территор|4|территорию,территории,территорий,территории
инструмент|2|инструмент,инструментов
масштабн|1|масштабный
трагед|2|трагедией,трагедия
личн|5|личная,личной,личные,личными,личный
сочета|1|сочетать
систем|26|системы,системе,системы,системы,система,системы,системы,системы,системы,системы,системы,системе,система,системы,система,система,системы,системы,система,системы,системы,системы,системы,системы,системы,системы
преступлен|1|преступлений
по|32|по,по,по,по,по,по,по,по,по,по,по,по,по,по,по,по,по,по,по,по,по,по,по,по,по,по,по,по,по,по,по,по
конкретн|4|конкретная,конкретного,конкретные,конкретных
безобразн|1|безобразный
пят|8|пятую,пятая,пятое,пять,пятое,пять,пятое,пятое
инициат|2|инициатив,инициатив
наделен|1|наделение
есл|6|если,если,если,если,если,если
вполн|1|вполне
осуществл|1|осуществлена
палат|1|палаты
недопустим|2|недопустимо,недопустимость
производств|1|производство
местн|14|местных,местного,местного,местного,местного,местных,местного,местного,местного,местное,местного,местного,местные,местного
господствова|1|господствовал
межконфессиональн|1|межконфессиональные
избра|3|избрали,избранных,избрало
государствен|40|государственной,государственных,государственных,государственности,государственного,государственной,государственная,государственный,государственную,государственную,государственную,государственную,государственной,государственной,государственных,государственной,государственной,государственной,государственной,государственной,государственной,государственный,государственную,государственного,государственной,государственным,государственные,государственному,государственных,государственных,государственных,государственная,государственную,государственных,государственных,государственной,государственного,государственной,государственная,государственной
продиктова|1|продиктованы
внутр|1|внутри
промах|1|промахи
один|3|один,один,один
секрет|1|секрет
информирован|1|информированностью
ве|1|весь
начальник|1|начальников
оптимизирова|2|оптимизировать,оптимизировать
во|17|во,во,во,во,во,во,во,во,во,во,во,во,во,во,во,во,во
арест|1|ареста
изолирова|1|изолировать
планирован|1|планирование
арен|1|арене
неоднократн|1|неоднократно
прида|1|придать
расформирова|1|расформировать
корабл|1|кораблей
отделен|1|отделения
рыночн|1|рыночной
дискусс|1|дискуссиям
государств|28|государствами,государства,государства,государство,государство,государства,государству,государства,государство,государствами,государств,государства,государства,государство,государство,государства,государства,государства,государства,государства,государств,государство,государство,государством,государства,государства,государства,государства
вс|17|вс,вс,вс,вс,вс,вс,вс,вс,вс,вс,вс,вс,вс,вс,вс,вс,вс
смысл|4|смысле,смысла,смысле,смысле
порядк|7|порядка,порядка,порядка,порядка,порядка,порядка,порядка
вы|5|вы,вы,вы,вы,вы
появ|1|появился
обществ|23|общества,обществе,общества,обществу,общество,общества,общества,общество,обществе,обществу,общество,общества,общества,общества,общества,общества,обществе,общества,общества,обществе,обществе,обществу,общества
расформировыва|1|расформировывать
получен|3|получение,полученные,получении
властн|1|властных
приднестровск|1|приднестровскому
серб|1|сербии
объект|1|объектов
активн|6|активного,активный,активность,активном,активнее,активно
среднесрочн|1|среднесрочное
властв|1|властвующих
борьб|3|борьбы,борьба,борьбы
сдвиг|1|сдвиги
отечеств|1|отечества
жных|1|жных
бюджетн|2|бюджетные,бюджетное
проблем|12|проблемы,проблемой,проблемой,проблемами,проблемы,проблема,проблема,проблемами,проблемы,проблемы,проблемы,проблемы
инерц|1|инерции
контролирова|1|контролировать
дежурств|1|дежурства
приобр|1|приобр
ссыла|1|ссылались
интернет|3|интернета,интернете,интернет
превосходств|1|превосходства
свойств|1|свойство
куд|1|куда
стандарт|6|стандартов,стандарта,стандарты,стандартов,стандартов,стандартов
повтор|4|повторю,повторю,повторю,повторю
резерв|4|резервы,резерва,резерва,резерв
пренебрежен|1|пренебрежения
демонтаж|1|демонтажа
втянут|1|втянуть
механизм|9|механизмы,механизмов,механизм,механизма,механизмы,механизмы,механизмов,механизм,механизмы
потруд|1|потрудились
полицентричн|1|полицентричной
настро|2|настроился,настроены
сраз|2|сразу,сразу
межэтническ|1|межэтнические
выбор|15|выборов,выбор,выбора,выборы,выборах,выборах,выборах,выборах,выборов,выборах,выбор,выбора,выбора,выбор,выбор
иде|1|идея
показа|4|показал,показать,показал,показала
валют|2|валют,валют
когд|6|когда,когда,когда,когда,когда,когда
избирательн|2|избирательный,избирательные
метод|2|методов,методов
усилен|2|усилению,усилению
адресн|2|адресной,адресной
регистрац|1|регистрации
невыполнен|1|невыполнение
принадлежа|1|принадлежащих
внедря|2|внедрять,внедрять
рождаем|1|рождаемость
поэтапн|3|поэтапного,поэтапно,поэтапно
закон|24|законными,закона,закона,законности,закона,законов,законом,закон,законом,закона,законах,закона,законов,законы,законности,законов,закон,закона,закона,законами,законы,законности,законов,закона
определя|2|определяющих,определять
желательн|1|желательно
привлечен|1|привлечения
уход|3|уходит,уходит,уходят
реализ|1|реализуются
коррупцион|1|коррупционного
обстановк|2|обстановки,обстановки
взаимн|3|взаимного,взаимный,взаимный
указан|1|указанию
продолжа|6|продолжать,продолжаться,продолжаем,продолжает,продолжать,продолжать
ответн|1|ответные
служа|4|служащих,служащих,служащим,служащие
сейчас|8|сейчас,сейчас,сейчас,сейчас,сейчас,сейчас,сейчас,сейчас
предел|2|пределами,пределах
односторон|1|односторонние
имел|2|имел,имел
накаплива|1|накапливали
прочита|1|прочитать
рубеж|1|рубежом
быстроразвива|1|быстроразвивающиеся
январ|1|января
задач|13|задач,задачи,задача,задачи,задачи,задачи,задачи,задача,задаче,задача,задач,задач,задача
получ|10|получив,получить,получили,получившие,получить,получить,получить,получим,получит,получить
мирн|1|мирного
успех|9|успех,успех,успех,успех,успехи,успеха,успехи,успехи,успеха
чувствительн|1|чувствительны
чтоб|18|чтобы,чтобы,чтобы,чтобы,чтобы,чтобы,чтобы,чтобы,чтобы,чтобы,чтобы,чтобы,чтобы,чтобы,чтобы,чтобы,чтобы,чтобы
совершенствова|1|совершенствовать
без|7|без,без,без,без,без,без,без
упроч|1|упрочить
остав|1|оставить
центральн|1|центральной
тщательн|1|тщательно
трудоизбыточн|1|трудоизбыточным
состыкова|1|состыкованы
семейн|1|семейные
преодоле|1|преодолеем
устойчив|3|устойчивое,устойчивей,устойчивого
обещан|1|обещаниях
корпорац|1|корпораций
продемонстрирова|1|продемонстрировало
ем|2|ему,ему
позвол|6|позволим,позволит,позволит,позволит,позволит,позволил
за|25|за,за,за,за,за,за,за,за,за,за,за,за,за,за,за,за,за,за,за,за,за,за,за,за,за
правил|1|правилами
степен|2|степени,степень
положен|7|положение,положения,положение,положения,положением,положений,положение
неадекватн|1|неадекватной
интересн|1|интересно
привязан|1|привязанность
бер|1|бер
поручен|1|поручения
совершенствован|2|совершенствование,совершенствования
плод|1|плоды
либ|2|либо,либо
столыпин|1|столыпина
оборон|2|оборонно,оборонном
устройств|5|устройство,устройства,устройства,устройство,устройства
критическ|2|критическом,критически
достоверн|2|достоверность,достоверные
комфортн|2|комфортной,комфортно
единств|4|единство,единство,единство,единства
провед|1|проведена
населен|3|населения,население,населением
обоснован|1|обоснованности
увер|6|уверен,уверен,уверен,уверен,уверен,уверен
соблюден|2|соблюдения,соблюдения
процесс|8|процесс,процессу,процессе,процессов,процесс,процессе,процессов,процесс
сниж|1|снижено
воздейств|1|воздействия
верн|1|верном
земельн|1|земельных
зрелост|2|зрелость,зрелость
многосубъектн|1|многосубъектной
реформирова|1|реформировать
калининградск|2|калининградской,калининградской
учитыва|2|учитывать,учитывают
большинств|2|большинство,большинства
дореволюцион|1|дореволюционный
максимум|1|максимум
оборот|1|обороты
признан|3|признание,признание,признания
субъект|10|субъектов,субъектов,субъекта,субъекта,субъектов,субъектов,субъектов,субъектов,субъектов,субъекта
вокруг|1|вокруг
предусмотрет|1|предусмотреть
кризисн|1|кризисных
медицинск|8|медицинские,медицинских,медицинском,медицинских,медицинских,медицинское,медицинское,медицинского
продовольствен|1|продовольственный
одн|15|одно,одно,одно,одной,одно,одну,одна,одной,одной,одной,одной,одного,одной,одной,одна
отнест|1|отнести
обсужден|2|обсуждение,обсуждения
стеснен|1|стеснение
преобразован|2|преобразования,преобразования
соответствен|2|соответственно,соответственно
диалог|2|диалог,диалог
испытыва|1|испытывают
кита|1|китаем
такж|15|также,также,также,также,также,также,также,также,также,также,также,также,также,также,также
демократическ|18|демократической,демократических,демократических,демократическим,демократическое,демократических,демократические,демократического,демократического,демократические,демократического,демократические,демократические,демократического,демократического,демократическую,демократической,демократического
глубин|1|глубину
ослабл|1|ослабляя
разветвл|1|разветвл
четв|6|четв,четв,четв,четв,четв,четв
един|3|единым,единую,единый
бесполезн|1|бесполезно
уровен|5|уровень,уровень,уровень,уровень,уровень
довер|4|доверие,доверия,доверие,доверие
предполага|1|предполагает
источник|1|источник
услов|8|условиях,условиях,условия,условие,условием,условием,условия,условий
сравн|1|сравнить
пресечен|1|пресечения
дух|1|дух
реформаторск|1|реформаторский
пут|4|путь,пут,путь,путь
договор|4|договорам,договор,договора,договора
вчер|1|вчера
сценар|1|сценарий
нет|5|нет,нет,нет,нет,нет
поскольк|1|поскольку
несущ|1|несущие
массов|2|массовой,массовый
жд|1|жд
же|10|же,же,же,же,же,же,же,же,же,же
потрясен|1|потрясений
двадцатк|1|двадцатки
больш|15|больше,большей,большее,большой,большее,большую,больше,большая,больше,большая,большим,большую,больше,большими,больше
организова|1|организовать
тысяч|5|тысяч,тысяч,тысячу,тысячу,тысяч
ум|1|умом
уж|30|уже,уже,уже,уже,уже,уже,уже,уже,уже,уже,уже,уже,уже,уже,уже,уже,уже,уже,уже,уже,уже,уже,уже,уже,уже,уже,уже,уже,уже,уже
трудов|1|трудовых
достойн|2|достойного,достойную
понима|2|понимаем,понимаемая
стремлен|1|стремление
сжат|1|сжатые
уч|8|уч,уч,уч,уч,учиться,уч,учиться,уч
обществен|11|общественных,общественной,общественных,общественно,общественных,общественных,общественной,общественная,общественное,общественного,общественных
гки|1|гкий
мся|1|мся
том|22|том,том,том,том,том,тому,том,том,том,том,том,том,том,том,том,том,том,том,том,том,том,том
тог|11|того,того,того,того,того,того,того,того,того,того,того
тов|2|тов,тов
тож|7|тоже,тоже,тоже,тоже,тоже,тоже,тоже
взнос|1|взносов
депутатск|1|депутатских
предостереч|1|предостеречь
оставля|1|оставляет
нег|2|него,него
нем|1|нему
шанхайск|1|шанхайская
скор|3|скорее,скорейшее,скоро
нелегальн|1|нелегальная
одкб|1|одкб
следован|1|следования
центр|8|центры,центре,центров,центром,центре,центров,центр,центров
восьм|2|восьмое,восьми
качеств|7|качества,качество,качеству,качества,качество,качестве,качестве
известн|8|известны,известно,известны,известно,известно,известный,известно,известного
ценност|15|ценностей,ценностях,ценностях,ценности,ценности,ценности,ценностей,ценности,ценностью,ценностью,ценностям,ценностей,ценности,ценности,ценностей
тся|1|тся
горазд|2|гораздо,гораздо
золотовалютн|1|золотовалютные
предостережен|1|предостережениям
требован|3|требований,требования,требований
предмет|2|предметом,предметам
нуж|1|нужен
усредн|1|усредн
обеспечива|9|обеспечивает,обеспечиваться,обеспечивать,обеспечивать,обеспечивать,обеспечивать,обеспечивающие,обеспечиваться,обеспечивать
зно|4|зно,зно,зной,зной
ситуац|4|ситуации,ситуации,ситуаций,ситуации
незыблем|1|незыблемыми
худш|2|худшее,худшем
впред|2|впредь,впредь
радиоэлектрон|1|радиоэлектронное
зны|3|зные,зный,зные
дипломатическ|1|дипломатических
обход|1|обход
строительств|3|строительство,строительства,строительстве
налич|1|наличие
вред|1|вреда
кра|2|краю,крае
поддержива|4|поддерживает,поддерживать,поддерживаю,поддерживаю
врем|8|время,время,время,время,время,время,время,время
отчита|1|отчитаться
промышлен|2|промышленности,промышленный
доминирован|1|доминирования
регулир|1|регулирующие
налиц|1|налицо
начал|2|начале,началом
равноправ|1|равноправие
способств|2|способствуют,способствует
элементарн|1|элементарным
результативн|1|результативных
пособ|1|пособий
избирател|6|избирателей,избирателям,избирателей,избирателей,избирателями,избирателями
ещ|21|ещ,ещ,ещ,ещ,ещ,ещ,ещ,ещ,ещ,ещ,ещ,ещ,ещ,ещ,ещ,ещ,ещ,ещ,ещ,ещ,ещ
попа|1|попали
многосторон|1|многосторонней
многоконфессиональн|1|многоконфессиональной
ес|1|ес
технолог|6|технологии,технологии,технологий,технологий,технологий,технологий
всяк|1|всяком
прохожден|1|прохождения
геополитическ|1|геополитической
реальн|8|реально,реальной,реальные,реально,реальную,реальной,реального,реальной
числ|16|числе,числе,число,число,числа,число,числа,числе,числе,числе,числе,числе,числе,числе,числе,числе
дополнительн|6|дополнительные,дополнительный,дополнительных,дополнительные,дополнительных,дополнительная
актуальн|2|актуальна,актуальности
сыгра|3|сыграл,сыграть,сыграть
произвест|1|произвести
конкурентн|5|конкурентной,конкурентной,конкурентном,конкурентной,конкурентных
верност|1|верность
новаторств|1|новаторству
член|7|члены,членов,члену,членов,членам,члены,членами
популистск|1|популистскую
схем|3|схема,схема,схема
непосредствен|3|непосредственно,непосредственно,непосредственно
стратегическ|1|стратегических
срок|7|срок,срока,сроки,сроки,сроков,сроки,сроки
привержен|1|приверженность
использова|3|использован,использовать,использовать
социальн|17|социальной,социальные,социальные,социальное,социальной,социальную,социальные,социальных,социального,социальные,социальных,социальных,социального,социальной,социально,социальных,социальная
мысля|1|мыслящих
обострен|1|обострение
ег|15|его,его,его,его,его,его,его,его,его,его,его,его,его,его,его
мнен|3|мнении,мнение,мнение
истор|4|историей,историю,истории,историю
введ|2|введены,введена
нефт|1|нефть
борис|1|борис
наконец|9|наконец,наконец,наконец,наконец,наконец,наконец,наконец,наконец,наконец
доступ|1|доступа
гуманитарн|1|гуманитарной
охот|1|охоту
дают|2|дают,дают
реформ|5|реформ,реформе,реформе,реформу,реформу
приним|1|принимая
нагорнокарабахск|1|нагорнокарабахскому
сил|8|силу,силу,сила,силы,силы,сил,силы,силы
отлича|1|отличает
нача|3|началась,начал,начать
комплексн|1|комплексности
прояв|3|проявили,проявили,проявить
постав|1|поставила
начн|1|начну
знает|7|знает,знаете,знаете,знаете,знаете,знаете,знает
кадров|3|кадровой,кадрового,кадрового
зафиксирова|2|зафиксировано,зафиксировать
гарантирован|1|гарантировании
сфер|12|сферы,сфере,сферах,сфере,сфере,сферах,сферах,сферах,сфере,сфере,сфере,сфере
ясн|2|ясные,ясно
турбулентн|1|турбулентность
вашингтон|1|вашингтоне
мест|3|места,места,места
добав|1|добавив
обнародован|1|обнародования
вплот|1|вплоть
оказа|2|оказалась,оказалась
четыр|1|четыр
провокац|1|провокации
упорн|1|упорно
международн|22|международных,международных,международной,международным,международно,международного,международного,международной,международного,международного,международной,международного,международных,международного,международным,международным,международный,международной,международных,международных,международными,международных
законодательств|2|законодательства,законодательство
нравствен|4|нравственных,нравственно,нравственные,нравственного
противоракетн|1|противоракетных
мотивирова|1|мотивировать
гарантируем|1|гарантируемый
жизнеспособн|1|жизнеспособные
сбережен|2|сбережения,сбережений
постоя|4|постоянно,постоянного,постоянно,постоянный
буквальн|1|буквально
частн|2|частная,частных
коррупц|6|коррупции,коррупции,коррупцию,коррупция,коррупции,коррупции
подчас|1|подчас
распредел|1|распределены
проб|2|пробить,проб
предусматрива|1|предусматриваем
привычк|1|привычки
заключа|1|заключалась
бизнес|8|бизнеса,бизнесу,бизнеса,бизнес,бизнеса,бизнесу,бизнес,бизнесу
москв|1|москве
проанализир|1|проанализирую
подобн|1|подобные
работник|1|работников
единствен|1|единственно
существован|1|существования
как|59|как,как,как,как,как,как,как,каких,как,как,как,как,как,как,как,как,как,как,как,как,как,как,как,как,как,как,как,как,как,как,какие,как,как,как,как,как,как,как,какого,как,как,как,какие,каких,как,как,как,каким,как,какие,как,как,как,какой,как,как,какой,какой,какой
правов|10|правовой,правового,правовыми,правовой,правовую,правовым,правовая,правовое,правовых,правовых
прощ|1|проще
прош|2|прошу,прошу
проч|1|прочего
последн|4|последний,последние,последние,последних
базов|2|базовые,базовые
прот|4|против,против,против,против
поступ|2|поступиться,поступили
множеств|2|множеством,множество
неэффективн|1|неэффективна
агресс|2|агрессия,агрессией
петр|1|петра
внимательн|1|внимательно
урок|3|урок,уроки,урокам
хозяйствен|1|хозяйственного
достигнут|1|достигнуть
стат|6|статье,стать,статья,статьи,стать,стать
экономическ|16|экономической,экономическую,экономически,экономический,экономического,экономической,экономический,экономическом,экономической,экономический,экономической,экономические,экономический,экономической,экономической,экономические
разработк|4|разработке,разработки,разработке,разработку
разработа|4|разработанную,разработать,разработать,разработать
хран|1|хранить
катастроф|1|катастрофой
устранен|2|устранении,устранению
сих|1|сих
любов|1|любовь
н|5|н,н,н,н,н
пробл|4|проблем,проблем,проблем,проблем
сид|1|сидим
назва|2|названные,названные
талант|1|талантов
стал|8|стал,стала,стал,стало,стало,стало,стал,стало
компенсирова|2|компенсировать,компенсировать
ущерб|2|ущерб,ущерба
сторон|9|стороны,стороны,сторонами,стороны,стороны,сторону,сторон,сторонами,сторонами
долгосрочн|3|долгосрочного,долгосрочного,долгосрочного
став|1|ставя
действ|17|действия,действующем,действия,действий,действия,действий,действия,действия,действиям,действуют,действия,действия,действиями,действие,действий,действия,действий
агрессор|1|агрессора
никогд|2|никогда,никогда
полномоч|6|полномочиями,полномочий,полномочий,полномочиями,полномочия,полномочий
сопредельн|1|сопредельных
рамк|2|рамках,рамки
